"Country or Area","Year","Value","Value Footnotes","Unit"
"Andorra","2015","0","","tonnes"
"Andorra","2014","0","","tonnes"
"Andorra","2013","0","","tonnes"
"Armenia","2012","0","","tonnes"
"Armenia","2011","0","","tonnes"
"Armenia","2010","0","","tonnes"
"Armenia","2009","0","","tonnes"
"Armenia","2008","0","","tonnes"
"Armenia","2007","0","","tonnes"
"Armenia","2006","0","","tonnes"
"Armenia","2005","0","","tonnes"
"Armenia","2004","0","","tonnes"
"Armenia","2003","0","","tonnes"
"Armenia","2002","0","","tonnes"
"Armenia","2001","0","","tonnes"
"Armenia","2000","0","","tonnes"
"Armenia","1999","0","","tonnes"
"Austria","2014","163911","","tonnes"
"Austria","2012","86393","","tonnes"
"Austria","2010","196956","","tonnes"
"Azerbaijan","2012","6316.60009765625","","tonnes"
"Azerbaijan","2011","3619.10009765625","","tonnes"
"Azerbaijan","2010","5548.2001953125","","tonnes"
"Azerbaijan","2009","18739.099609375","","tonnes"
"Azerbaijan","2008","4741","","tonnes"
"Azerbaijan","2007","4926","","tonnes"
"Azerbaijan","2006","3263","","tonnes"
"Azerbaijan","2005","4911","","tonnes"
"Azerbaijan","2004","3836","","tonnes"
"Azerbaijan","2003","1359","","tonnes"
"Azerbaijan","2002","728","","tonnes"
"Azerbaijan","2001","395","","tonnes"
"Belarus","2010","465636","","tonnes"
"Belarus","2009","554800","","tonnes"
"Belarus","2008","552563","","tonnes"
"Belarus","2007","211231","","tonnes"
"Belarus","2006","133984","","tonnes"
"Belarus","2005","100741","","tonnes"
"Belarus","2004","54684","1","tonnes"
"Belarus","2003","23815","1","tonnes"
"Belarus","2002","17412","1","tonnes"
"Belarus","2001","14167","1","tonnes"
"Belgium","2014","840712","","tonnes"
"Belgium","2012","879833","","tonnes"
"Belgium","2010","12610402","","tonnes"
"Bermuda","2012","362","","tonnes"
"Bermuda","2011","352","","tonnes"
"Bermuda","2010","365","","tonnes"
"Bermuda","2009","370","","tonnes"
"Bermuda","2008","374","","tonnes"
"Bermuda","2007","373","","tonnes"
"Bermuda","2006","539","","tonnes"
"Bulgaria","2014","151901","","tonnes"
"Bulgaria","2012","61337","","tonnes"
"Bulgaria","2010","58195","","tonnes"
"Bulgaria","2000","0","","tonnes"
"Bulgaria","1999","0","","tonnes"
"Bulgaria","1998","0","","tonnes"
"Bulgaria","1997","0","","tonnes"
"Bulgaria","1996","0","","tonnes"
"Bulgaria","1995","0","","tonnes"
"Bulgaria","1990","0","","tonnes"
"Cameroon","2009","434.399993896484","","tonnes"
"Cameroon","2008","365.299987792969","","tonnes"
"Cameroon","2007","410.799987792969","","tonnes"
"Cameroon","2006","357.799987792969","","tonnes"
"Cameroon","2005","14.3000001907349","","tonnes"
"Cameroon","2004","206.300003051758","","tonnes"
"Canada","1996","181000","2","tonnes"
"Chile","2009","9800","","tonnes"
"Chile","2008","5310","","tonnes"
"Chile","2007","3710","","tonnes"
"Chile","2006","6070","","tonnes"
"Chile","2005","3350","","tonnes"
"Chile","2004","6130","","tonnes"
"Chile","2003","5550","","tonnes"
"Chile","2002","5190","","tonnes"
"Chile","2001","5360","","tonnes"
"Chile","2000","8560","","tonnes"
"China, Hong Kong Special Administrative Region","2009","8396","3","tonnes"
"China, Hong Kong Special Administrative Region","2008","7381","3","tonnes"
"China, Hong Kong Special Administrative Region","2007","9118","3","tonnes"
"China, Hong Kong Special Administrative Region","2006","4882","3","tonnes"
"China, Hong Kong Special Administrative Region","2005","4234","3","tonnes"
"China, Hong Kong Special Administrative Region","2004","3154","3","tonnes"
"China, Hong Kong Special Administrative Region","2003","5116","3","tonnes"
"China, Hong Kong Special Administrative Region","2002","2969","3","tonnes"
"China, Hong Kong Special Administrative Region","2001","3547","3","tonnes"
"China, Hong Kong Special Administrative Region","2000","3258","3","tonnes"
"China, Hong Kong Special Administrative Region","1999","3718","3","tonnes"
"China, Hong Kong Special Administrative Region","1998","3623","3","tonnes"
"China, Hong Kong Special Administrative Region","1997","3704","3","tonnes"
"China, Hong Kong Special Administrative Region","1996","5754","3","tonnes"
"China, Hong Kong Special Administrative Region","1995","1101","3","tonnes"
"Colombia","2012","48091.71484375","4","tonnes"
"Colombia","2011","43792.0703125","4","tonnes"
"Colombia","2010","34571.0703125","4","tonnes"
"Colombia","2009","37075.78125","4","tonnes"
"Colombia","2008","35489.08203125","4","tonnes"
"Colombia","2007","22804.328125","5,4","tonnes"
"Croatia","2014","44649","","tonnes"
"Croatia","2012","54660","","tonnes"
"Croatia","2011","51536","","tonnes"
"Croatia","2010","26371","","tonnes"
"Cuba","2012","5582","","tonnes"
"Cuba","2011","6956","","tonnes"
"Cyprus","2014","18755","","tonnes"
"Cyprus","2012","18533","","tonnes"
"Cyprus","2010","14552","","tonnes"
"Czechia","2014","222970","","tonnes"
"Czechia","2012","356786","","tonnes"
"Czechia","2010","391266","","tonnes"
"Czechia","2001","60000","","tonnes"
"Czechia","2000","47000","","tonnes"
"Czechia","1999","28000","","tonnes"
"Czechia","1998","49000","","tonnes"
"Denmark","2014","409697","","tonnes"
"Denmark","2012","324561","","tonnes"
"Denmark","2010","237150","","tonnes"
"Denmark","2000","86000","","tonnes"
"Denmark","1999","115000","","tonnes"
"Denmark","1998","68000","","tonnes"
"Denmark","1997","62000","","tonnes"
"Denmark","1996","59000","","tonnes"
"Denmark","1995","55000","","tonnes"
"Estonia","2014","1316434","","tonnes"
"Estonia","2012","1568605","","tonnes"
"Estonia","2010","933398","","tonnes"
"Estonia","2000","58880","","tonnes"
"Finland","2014","169314","","tonnes"
"Finland","2012","285278","","tonnes"
"Finland","2010","286443","","tonnes"
"Finland","2000","66000","","tonnes"
"Finland","1997","19000","","tonnes"
"France","2014","2671921","","tonnes"
"France","2012","3475951","","tonnes"
"France","2010","3415081","","tonnes"
"France","1998","222000","","tonnes"
"France","1997","209000","","tonnes"
"France","1996","171000","","tonnes"
"France","1995","172000","","tonnes"
"French Guiana","2013","768","","tonnes"
"French Guiana","2008","1","6","tonnes"
"Georgia","2005","0","","tonnes"
"Georgia","2004","0","","tonnes"
"Georgia","2003","0","","tonnes"
"Georgia","2002","0","","tonnes"
"Georgia","2001","0","","tonnes"
"Georgia","2000","0","","tonnes"
"Georgia","1999","0","","tonnes"
"Georgia","1995","0","","tonnes"
"Georgia","1990","0","","tonnes"
"Germany","2014","9641160","","tonnes"
"Germany","2012","9687326","","tonnes"
"Germany","2010","9500261","","tonnes"
"Germany","1999","2247100","","tonnes"
"Germany","1998","2449800","","tonnes"
"Germany","1997","2242000","","tonnes"
"Germany","1996","2903400","","tonnes"
"Greece","2014","89564","","tonnes"
"Greece","2012","84931","","tonnes"
"Greece","2010","88500","","tonnes"
"Greece","2000","95000","","tonnes"
"Greece","1999","84000","","tonnes"
"Greece","1998","106000","","tonnes"
"Guadeloupe","2013","18880","","tonnes"
"Guatemala","2012","6320.89990234375","","tonnes"
"Guatemala","2011","10200","","tonnes"
"Guatemala","2010","3620","","tonnes"
"Guatemala","2009","3600","","tonnes"
"Hungary","2014","213232","","tonnes"
"Hungary","2012","124456","","tonnes"
"Hungary","2010","191809","","tonnes"
"Iceland","2012","10749","","tonnes"
"Iceland","2010","6352","","tonnes"
"India","2000","1429281","","tonnes"
"Iraq","2015","0","","tonnes"
"Iraq","2010","0","","tonnes"
"Ireland","2012","22364","","tonnes"
"Ireland","2010","143043","","tonnes"
"Ireland","1998","115000","","tonnes"
"Israel","2008","108000","","tonnes"
"Israel","2007","121200","","tonnes"
"Israel","2006","99100","","tonnes"
"Israel","2005","113000","","tonnes"
"Israel","2004","95000","","tonnes"
"Israel","2003","86000","","tonnes"
"Israel","2002","154000","","tonnes"
"Israel","2001","178200","","tonnes"
"Israel","2000","158300","","tonnes"
"Italy","2014","1821805","","tonnes"
"Italy","2012","1636793","","tonnes"
"Italy","2010","1866212","","tonnes"
"Italy","1998","666110","","tonnes"
"Italy","1997","629000","","tonnes"
"Jamaica","1996","0","","tonnes"
"Jordan","2011","323917.3125","","tonnes"
"Jordan","2010","51401.80078125","","tonnes"
"Jordan","2009","98345.203125","","tonnes"
"Jordan","2008","17152.26171875","","tonnes"
"Jordan","2004","0","","tonnes"
"Jordan","2003","40244.6015625","","tonnes"
"Kyrgyzstan","2012","184.100006103516","","tonnes"
"Kyrgyzstan","2011","33003.1015625","","tonnes"
"Kyrgyzstan","2010","172.899993896484","","tonnes"
"Kyrgyzstan","2009","19342756","","tonnes"
"Kyrgyzstan","2008","3006","","tonnes"
"Kyrgyzstan","2007","7909705","","tonnes"
"Kyrgyzstan","2006","1258","","tonnes"
"Kyrgyzstan","2005","1555","","tonnes"
"Kyrgyzstan","2004","307","","tonnes"
"Kyrgyzstan","2003","5327","","tonnes"
"Kyrgyzstan","2002","39","","tonnes"
"Kyrgyzstan","2001","35","","tonnes"
"Kyrgyzstan","2000","4011426","","tonnes"
"Kyrgyzstan","1999","275","","tonnes"
"Kyrgyzstan","1998","32","","tonnes"
"Kyrgyzstan","1997","1477107","","tonnes"
"Kyrgyzstan","1996","191","","tonnes"
"Kyrgyzstan","1995","339","","tonnes"
"Latvia","2014","24564","","tonnes"
"Latvia","2012","35678","","tonnes"
"Latvia","2010","44942","","tonnes"
"Latvia","2000","0","","tonnes"
"Latvia","1999","0","","tonnes"
"Latvia","1998","0","","tonnes"
"Latvia","1997","0","","tonnes"
"Latvia","1996","0","","tonnes"
"Latvia","1995","0","","tonnes"
"Latvia","1990","0","","tonnes"
"Lithuania","2014","35181","","tonnes"
"Lithuania","2012","45540","","tonnes"
"Lithuania","2010","42850","","tonnes"
"Lithuania","2000","0","","tonnes"
"Lithuania","1999","0","","tonnes"
"Lithuania","1998","0","","tonnes"
"Lithuania","1997","0","","tonnes"
"Lithuania","1996","0","","tonnes"
"Lithuania","1995","0","","tonnes"
"Lithuania","1990","0","","tonnes"
"Luxembourg","2014","2644","","tonnes"
"Luxembourg","2012","1640","","tonnes"
"Luxembourg","2010","2941","","tonnes"
"Luxembourg","2000","68400","","tonnes"
"Luxembourg","1999","72220","","tonnes"
"Luxembourg","1998","31490","","tonnes"
"Luxembourg","1997","42510","","tonnes"
"Madagascar","2007","0","","tonnes"
"Madagascar","2005","0","","tonnes"
"Madagascar","2002","0","","tonnes"
"Madagascar","1999","0","","tonnes"
"Malaysia","2015","452956.75","7","tonnes"
"Malaysia","2014","649496.6875","7","tonnes"
"Malaysia","2013","633929.5","7","tonnes"
"Malaysia","2012","678477.75","7","tonnes"
"Malaysia","2011","939730.8125","7","tonnes"
"Malaysia","2010","877489.375","7","tonnes"
"Malaysia","2009","686011.9375","7","tonnes"
"Malaysia","2008","624361.125","7","tonnes"
"Malaysia","2007","355471.1875","7","tonnes"
"Malaysia","2006","297001.40625","7","tonnes"
"Malaysia","2005","149569.984375","7","tonnes"
"Malaysia","2004","272419.59375","7","tonnes"
"Malaysia","2003","250260.453125","7","tonnes"
"Malaysia","2002","204666","7","tonnes"
"Malaysia","2001","123670","7","tonnes"
"Malaysia","2000","120570.9609375","7","tonnes"
"Malta","2014","0","","tonnes"
"Malta","2012","0","","tonnes"
"Malta","2010","73","","tonnes"
"Martinique","2013","5690","","tonnes"
"Martinique","2010","3415","","tonnes"
"Martinique","2008","990","6","tonnes"
"Mauritius","2012","944.109985351563","8","tonnes"
"Mauritius","2011","1027.97998046875","8","tonnes"
"Mauritius","2010","1005.32000732422","8","tonnes"
"Mauritius","2009","1275.44995117188","8","tonnes"
"Mauritius","2008","974.679992675781","8","tonnes"
"Mauritius","2007","1693","8","tonnes"
"Mexico","2002","811000","","tonnes"
"Mexico","2001","132000","","tonnes"
"Mexico","2000","86000","9","tonnes"
"Mexico","1999","1583000","10","tonnes"
"Monaco","2015","0","","tonnes"
"Monaco","2014","0","","tonnes"
"Monaco","2013","0","","tonnes"
"Monaco","2012","0","","tonnes"
"Monaco","2011","0","","tonnes"
"Monaco","2010","0","","tonnes"
"Monaco","2009","0","","tonnes"
"Monaco","2008","0","","tonnes"
"Monaco","2007","0","","tonnes"
"Monaco","2006","0","","tonnes"
"Monaco","2005","0","","tonnes"
"Monaco","2004","0","","tonnes"
"Monaco","2003","0","","tonnes"
"Monaco","2002","0","","tonnes"
"Monaco","2001","0","","tonnes"
"Monaco","2000","0","","tonnes"
"Monaco","1999","0","","tonnes"
"Monaco","1998","0","","tonnes"
"Monaco","1997","0","","tonnes"
"Monaco","1996","0","","tonnes"
"Monaco","1995","0","","tonnes"
"Monaco","1990","0","","tonnes"
"Morocco","2008","55144","","tonnes"
"Netherlands","2014","2490983","","tonnes"
"Netherlands","2012","2575789","","tonnes"
"Netherlands","2010","2289126","","tonnes"
"New Zealand","1997","135000","2","tonnes"
"Niger","2005","0","","tonnes"
"Niger","2004","0","","tonnes"
"Norway","2014","425710","","tonnes"
"Norway","2012","208234","","tonnes"
"Norway","2010","574162","","tonnes"
"Philippines","2015","1229633.5","","tonnes"
"Philippines","2014","913597.8125","","tonnes"
"Philippines","2013","6616669.5","","tonnes"
"Philippines","2012","401064","","tonnes"
"Philippines","2011","4595184","","tonnes"
"Philippines","2010","254485","","tonnes"
"Philippines","2009","2109772","","tonnes"
"Philippines","2008","259076912","","tonnes"
"Philippines","2007","303077","","tonnes"
"Philippines","2006","1473130","","tonnes"
"Philippines","2005","1095339","","tonnes"
"Philippines","2000","69555","11","tonnes"
"Philippines","1995","69555","11","tonnes"
"Poland","2014","1492430","","tonnes"
"Poland","2012","1158065","","tonnes"
"Poland","2010","1117841","","tonnes"
"Poland","2000","0","","tonnes"
"Poland","1999","0","","tonnes"
"Poland","1998","0","","tonnes"
"Poland","1997","0","","tonnes"
"Poland","1996","0","","tonnes"
"Poland","1995","0","","tonnes"
"Poland","1990","0","","tonnes"
"Portugal","2014","365002","","tonnes"
"Portugal","2012","126165","","tonnes"
"Portugal","2010","149491","","tonnes"
"Republic of Korea","2001","1471000","2","tonnes"
"Republic of Korea","2000","1400000","2","tonnes"
"Republic of Korea","1999","1372000","2","tonnes"
"Republic of Korea","1998","1030000","2","tonnes"
"Republic of Korea","1997","1135000","2","tonnes"
"Republic of Korea","1996","888000","2","tonnes"
"Republic of Korea","1995","781000","2","tonnes"
"Republic of Moldova","2012","571","12","tonnes"
"Republic of Moldova","2011","874","12","tonnes"
"Republic of Moldova","2010","593","12","tonnes"
"Republic of Moldova","2009","594","12","tonnes"
"Republic of Moldova","2008","799","12","tonnes"
"Republic of Moldova","2007","1478","12","tonnes"
"Republic of Moldova","2006","780","12","tonnes"
"Republic of Moldova","2005","271","12","tonnes"
"Republic of Moldova","2004","576","12","tonnes"
"Republic of Moldova","2003","601","12","tonnes"
"Republic of Moldova","2002","1108","12","tonnes"
"Republic of Moldova","2001","652","12","tonnes"
"Republic of Moldova","2000","1083","12","tonnes"
"Republic of Moldova","1999","477","12","tonnes"
"Republic of Moldova","1998","823","12","tonnes"
"Republic of Moldova","1997","299","12","tonnes"
"Republic of Moldova","1996","381","12","tonnes"
"Republic of Moldova","1995","169","12","tonnes"
"Republic of Moldova","1990","11399","12","tonnes"
"Réunion","2013","4860","","tonnes"
"Réunion","2000","78","","tonnes"
"Réunion","1997","0","","tonnes"
"Romania","2012","115664","","tonnes"
"Romania","2010","71497","","tonnes"
"Romania","2000","143600","","tonnes"
"Romania","1999","411000","","tonnes"
"Romania","1998","339500","","tonnes"
"Romania","1997","568000","","tonnes"
"Romania","1996","275000","","tonnes"
"Romania","1995","244000","","tonnes"
"Russian Federation","2012","91754336","13","tonnes"
"Russian Federation","2011","96765408","13","tonnes"
"Russian Federation","2010","83481344","13","tonnes"
"Russian Federation","2009","102961088","13","tonnes"
"Russian Federation","2008","89089072","13","tonnes"
"Russian Federation","2007","105552304","13","tonnes"
"Russian Federation","2006","95996536","13","tonnes"
"Russian Federation","2005","71982888","13","tonnes"
"Russian Federation","2004","75552800","13","tonnes"
"Russian Federation","2003","111437552","13","tonnes"
"Saint Lucia","2015","2291","","tonnes"
"Saint Lucia","2014","2302","","tonnes"
"Saint Lucia","2013","1303","","tonnes"
"Saint Lucia","2012","0","","tonnes"
"Saint Lucia","2011","0","","tonnes"
"Saint Lucia","2010","0","","tonnes"
"Saint Lucia","2009","0","","tonnes"
"Saint Lucia","2008","0","","tonnes"
"Saint Lucia","2007","0","","tonnes"
"Saint Lucia","2006","0","","tonnes"
"Saint Lucia","2005","0","","tonnes"
"Saint Lucia","2004","0","","tonnes"
"Saint Vincent and the Grenadines","2002","0","","tonnes"
"Serbia","2015","52796","","tonnes"
"Serbia","2014","56251","","tonnes"
"Serbia","2013","31303","","tonnes"
"Serbia","2012","42127","","tonnes"
"Serbia","2011","90026","","tonnes"
"Serbia","2010","99559","","tonnes"
"Serbia","2009","106176","","tonnes"
"Serbia","2008","134405","","tonnes"
"Slovakia","2014","42712","","tonnes"
"Slovakia","2012","40196","","tonnes"
"Slovakia","2010","31131","","tonnes"
"Slovakia","1998","158000","","tonnes"
"Slovenia","2014","69613","","tonnes"
"Slovenia","2012","48005","","tonnes"
"Slovenia","2010","45643","","tonnes"
"South Africa","2011","85054","14","tonnes"
"South Africa","2009","69441","15","tonnes"
"South Africa","2008","9033.599609375","16","tonnes"
"South Africa","2007","7285","17","tonnes"
"South Africa","2006","6079.60009765625","18","tonnes"
"Spain","2014","1704540","","tonnes"
"Spain","2012","1612927","","tonnes"
"Spain","2010","1618549","","tonnes"
"Spain","2000","982030","","tonnes"
"Spain","1996","1197350","","tonnes"
"State of Palestine","2014","0","","tonnes"
"State of Palestine","2012","0","","tonnes"
"State of Palestine","2010","0","","tonnes"
"State of Palestine","2009","0","","tonnes"
"State of Palestine","2008","0","","tonnes"
"State of Palestine","2007","0","","tonnes"
"State of Palestine","2006","0","","tonnes"
"State of Palestine","2005","0","","tonnes"
"State of Palestine","2004","0","","tonnes"
"State of Palestine","2003","0","","tonnes"
"Sweden","2014","411036","","tonnes"
"Sweden","2012","454933","","tonnes"
"Sweden","2010","245358","","tonnes"
"Thailand","1996","153818","","tonnes"
"The former Yugoslav Republic of Macedonia","2012","4900.4599609375","","tonnes"
"The former Yugoslav Republic of Macedonia","2010","3842","","tonnes"
"The former Yugoslav Republic of Macedonia","2008","3488.330078125","","tonnes"
"Tunisia","2001","14000","19","tonnes"
"Tunisia","2000","14000","19","tonnes"
"Tunisia","1994","12000","19","tonnes"
"Tunisia","1990","12000","19","tonnes"
"Turkey","2014","437731","","tonnes"
"Turkey","2012","555754","","tonnes"
"Turkey","2010","200627","","tonnes"
"Turkey","1997","24050","","tonnes"
"Turkey","1996","11430","","tonnes"
"Turkey","1995","3700","","tonnes"
"Ukraine","2009","794406.625","","tonnes"
"Ukraine","2008","894834.375","","tonnes"
"Ukraine","2007","995424.3125","","tonnes"
"Ukraine","2006","789994","","tonnes"
"Ukraine","2005","811305","","tonnes"
"Ukraine","2004","689364.8125","","tonnes"
"Ukraine","2003","802010.375","","tonnes"
"Ukraine","2002","1310756.875","","tonnes"
"Ukraine","2001","2170048","","tonnes"
"Ukraine","2000","1280924.25","","tonnes"
"Ukraine","1999","1070461.25","","tonnes"
"Ukraine","1998","1497810.25","","tonnes"
"Ukraine","1997","1559630","","tonnes"
"Ukraine","1996","1357802.25","","tonnes"
"Ukraine","1995","1576898.25","","tonnes"
"United Arab Emirates","2015","37124.046875","","tonnes"
"United Arab Emirates","2014","52971.6484375","20","tonnes"
"United Arab Emirates","2013","10515","20","tonnes"
"United Arab Emirates","2012","0","20","tonnes"
"United Arab Emirates","2011","0","","tonnes"
"United Arab Emirates","2010","0","","tonnes"
"United Kingdom of Great Britain and Northern Ireland","2014","1540758","","tonnes"
"United Kingdom of Great Britain and Northern Ireland","2012","1280112","","tonnes"
"United Kingdom of Great Britain and Northern Ireland","2010","284211","","tonnes"
"United Kingdom of Great Britain and Northern Ireland","1999","988700","","tonnes"
"United Kingdom of Great Britain and Northern Ireland","1998","507150","","tonnes"
"United States of America","2001","5023000","2","tonnes"
"United States of America","1999","3521000","2","tonnes"
"United States of America","1997","4808000","2","tonnes"
"United States of America","1995","5211000","2","tonnes"
"United States of America","1991","7252000","2","tonnes"
"Zambia","2005","25000","21","tonnes"
"Zambia","2000","10000","21","tonnes"
"Zimbabwe","2012","0","22","tonnes"
"Zimbabwe","2011","0","22","tonnes"
"Zimbabwe","2010","0","22","tonnes"
"Zimbabwe","2009","0","22","tonnes"
"Zimbabwe","2008","0","22","tonnes"
"Zimbabwe","2007","0","22","tonnes"
"Zimbabwe","2005","0","22","tonnes"
"Zimbabwe","2004","0","22","tonnes"
"Zimbabwe","2003","0","22","tonnes"
"Zimbabwe","2002","0","22","tonnes"
"Zimbabwe","2001","0","22","tonnes"
"Zimbabwe","2000","0","22","tonnes"
"Zimbabwe","1999","0","22","tonnes"
"Zimbabwe","1995","0","22","tonnes"
"Zimbabwe","1990","0","22","tonnes"

"fnSeqID","Footnote"
"1","Includes previously stored waste."
"2","Data refer to recovery operations, which include incineration with energy recovery, recycling, composing and other recovery operations."
"3","Waste oil recycled at a private treatment facility and waste exported (and recycled abroad)."
"4","This information is updated and calculated based on the information provided by the Regional and/or local Environmental Authorities of the country, from Chapter III of the Register of Hazardous Waste Generators, as of October 31, 2013 (closing date for the generation information for the National Report on Generation and Management of Hazardous Waste in Colombia - Year 2012). The percentages of transmission to the closing date are: Year 2007: reports filled out by generators 1,715, reports transmitted by the Environmental Authorities 1,573, transmission of 91.7%; Year 2008: reports filled out by 5,325 generators, reports transmitted by the Environmental Authorities 4,949, transmission of 92.9%; Year 2009: reports filled out by 7,526 generators, reports transmitted by the Environmental Authorities 6,973,  transmission92.7%;  Year 2010: reports filled out by ge …."
"5","It should be clarified that only those establishments categorized as major generators of hazardous waste (generating more than 1,000 kilograms per month) submitted reports for the 2007 accounting period."
"6","Partial total."
"7","Data collected from Local Off-site Recovery Facilities."
"8","Data refer to used oil. Figures are based on the inventory of hazardous wastes report (2012)."
"9","Data are based on survey, which covered 27280 enterprises."
"10","Data are based on survey, which covered 12514 enterprises."
"11","Recycled and/or rescued hazardous waste on/off site facilities, based on the study on Hazardous Waste Management in the Philippines by Japan International Cooperation Agency (JICA)."
"12","Comsumed waste."
"13","Data on volume of salvaged and detoxified waste."
"14","2011 National Waste Information Baseline Study"
"15","2009 waste recycling data sourced from 2 provinces ( KZN and Eastern Cape) ; 4 municipalities, 6 facilities."
"16","2008 waste recycling data sourced from 3 provinces ( Mpumalanga, KZN and Eastern Cape),  4 municipalities , 6 facilities."
"17","2007 waste recycling data sourced from 3 provinces ( Mpumalanga, KZN and Eastern Cape) ; 4 municipalities, 6 facilities."
"18","2006 waste recycling data sourced from 3 provinces ( Mpuamalanga, KZN and Eastern Cape) ; 4 municipalities ; 8 facilities."
"19","Regeneration of used lubricanting oils. Source: SOTULUB."
"20","Different recovery methods (recycling within the processing facility, selling to processing companies or other methods of recovery for recycling)"
"21","Waste oil used as fuel in boilers and furnaces."
"22","Data refer to city of Harare."
