"Country or Area","Year","Value","Value Footnotes","Unit"
"Albania","2015","18","","1000 cubic metres/day"
"Albania","2014","19.8999996185303","","1000 cubic metres/day"
"Algeria","2015","541","1","1000 cubic metres/day"
"Algeria","2014","478","1","1000 cubic metres/day"
"Algeria","2013","441","1","1000 cubic metres/day"
"Algeria","2012","800","","1000 cubic metres/day"
"Algeria","2011","781","","1000 cubic metres/day"
"Algeria","2010","693","","1000 cubic metres/day"
"Algeria","2009","420","","1000 cubic metres/day"
"Algeria","2008","1090","","1000 cubic metres/day"
"Algeria","2007","880","","1000 cubic metres/day"
"Algeria","2006","610","","1000 cubic metres/day"
"Algeria","2005","520","","1000 cubic metres/day"
"Algeria","2004","520","","1000 cubic metres/day"
"Algeria","2003","410","","1000 cubic metres/day"
"Algeria","2002","410","","1000 cubic metres/day"
"Algeria","2001","350","","1000 cubic metres/day"
"Andorra","2015","54.8199996948242","","1000 cubic metres/day"
"Andorra","2014","54.9370002746582","","1000 cubic metres/day"
"Andorra","2013","56.9669990539551","","1000 cubic metres/day"
"Andorra","2012","51.3712310791016","","1000 cubic metres/day"
"Andorra","2011","46.4000053405762","","1000 cubic metres/day"
"Andorra","2010","45.5790328979492","","1000 cubic metres/day"
"Andorra","2009","47.7000007629395","","1000 cubic metres/day"
"Andorra","2008","41.7999992370605","","1000 cubic metres/day"
"Andorra","2007","35.2000007629395","","1000 cubic metres/day"
"Andorra","2006","32.2999992370605","","1000 cubic metres/day"
"Andorra","2005","6.40000009536743","","1000 cubic metres/day"
"Andorra","2004","8.19999980926514","","1000 cubic metres/day"
"Andorra","2003","9.5","","1000 cubic metres/day"
"Andorra","2002","5.69999980926514","","1000 cubic metres/day"
"Andorra","2001","2.70000004768372","","1000 cubic metres/day"
"Andorra","2000","2.59999990463257","","1000 cubic metres/day"
"Andorra","1999","2.70000004768372","","1000 cubic metres/day"
"Andorra","1998","2.20000004768372","","1000 cubic metres/day"
"Andorra","1997","2.20000004768372","","1000 cubic metres/day"
"Armenia","2015","325","","1000 cubic metres/day"
"Armenia","2014","352","","1000 cubic metres/day"
"Armenia","2013","202","","1000 cubic metres/day"
"Armenia","2012","272","","1000 cubic metres/day"
"Armenia","2011","315","","1000 cubic metres/day"
"Armenia","2010","172","","1000 cubic metres/day"
"Armenia","2009","172","","1000 cubic metres/day"
"Armenia","2008","201","","1000 cubic metres/day"
"Armenia","2007","203","","1000 cubic metres/day"
"Armenia","2006","212","","1000 cubic metres/day"
"Armenia","2005","221","","1000 cubic metres/day"
"Armenia","2004","277","","1000 cubic metres/day"
"Armenia","2003","390","","1000 cubic metres/day"
"Armenia","2002","351","","1000 cubic metres/day"
"Armenia","2001","271","","1000 cubic metres/day"
"Armenia","2000","340","","1000 cubic metres/day"
"Armenia","1999","378","","1000 cubic metres/day"
"Armenia","1998","493","","1000 cubic metres/day"
"Armenia","1997","575","","1000 cubic metres/day"
"Armenia","1996","619","","1000 cubic metres/day"
"Armenia","1995","581","","1000 cubic metres/day"
"Armenia","1990","737","","1000 cubic metres/day"
"Austria","2014","3098.90405273438","","1000 cubic metres/day"
"Austria","2012","2994.5205078125","","1000 cubic metres/day"
"Austria","2010","3110.68481445313","","1000 cubic metres/day"
"Austria","2008","2208.21923828125","","1000 cubic metres/day"
"Azerbaijan","2015","595","","1000 cubic metres/day"
"Azerbaijan","2014","548","","1000 cubic metres/day"
"Azerbaijan","2013","540","","1000 cubic metres/day"
"Azerbaijan","2012","653.200012207031","","1000 cubic metres/day"
"Azerbaijan","2011","543","","1000 cubic metres/day"
"Azerbaijan","2010","555.599975585938","","1000 cubic metres/day"
"Azerbaijan","2009","547.099975585938","","1000 cubic metres/day"
"Azerbaijan","2008","573.5","","1000 cubic metres/day"
"Azerbaijan","2007","500.200012207031","","1000 cubic metres/day"
"Azerbaijan","2006","511.200012207031","","1000 cubic metres/day"
"Azerbaijan","2005","509.299987792969","","1000 cubic metres/day"
"Azerbaijan","2004","455.299987792969","","1000 cubic metres/day"
"Azerbaijan","2000","552.599975585938","","1000 cubic metres/day"
"Azerbaijan","1999","543.900024414063","","1000 cubic metres/day"
"Azerbaijan","1998","552.599975585938","","1000 cubic metres/day"
"Azerbaijan","1997","613.799987792969","","1000 cubic metres/day"
"Azerbaijan","1996","615.700012207031","","1000 cubic metres/day"
"Azerbaijan","1995","674.5","","1000 cubic metres/day"
"Azerbaijan","1990","566.5","","1000 cubic metres/day"
"Bahrain","2015","399.299987792969","","1000 cubic metres/day"
"Bahrain","2014","407.200012207031","","1000 cubic metres/day"
"Bahrain","2013","339.700012207031","","1000 cubic metres/day"
"Bahrain","2012","319.700012207031","","1000 cubic metres/day"
"Bahrain","2011","320.399993896484","","1000 cubic metres/day"
"Bahrain","2010","315.600006103516","","1000 cubic metres/day"
"Bahrain","2009","296.899993896484","","1000 cubic metres/day"
"Bahrain","2008","267.799987792969","","1000 cubic metres/day"
"Bahrain","2007","237.699996948242","","1000 cubic metres/day"
"Bahrain","2006","181.600006103516","","1000 cubic metres/day"
"Bahrain","2005","181.100006103516","","1000 cubic metres/day"
"Bahrain","2004","175.610000610352","","1000 cubic metres/day"
"Bahrain","1990","124.669998168945","","1000 cubic metres/day"
"Bangladesh","2015","80","2","1000 cubic metres/day"
"Barbados","1996","8.80000019073486","","1000 cubic metres/day"
"Belarus","2015","618","","1000 cubic metres/day"
"Belarus","2014","673","","1000 cubic metres/day"
"Belarus","2013","685","","1000 cubic metres/day"
"Belarus","2012","680","","1000 cubic metres/day"
"Belarus","2011","675","","1000 cubic metres/day"
"Belarus","2010","686","","1000 cubic metres/day"
"Belarus","2009","733","","1000 cubic metres/day"
"Belarus","2002","2422","3","1000 cubic metres/day"
"Belarus","2001","2475","3","1000 cubic metres/day"
"Belarus","2000","2421","3","1000 cubic metres/day"
"Belarus","1999","2397","3","1000 cubic metres/day"
"Belarus","1998","2405","3","1000 cubic metres/day"
"Belarus","1997","2380","3","1000 cubic metres/day"
"Belarus","1996","2386","3","1000 cubic metres/day"
"Belarus","1995","2304","3","1000 cubic metres/day"
"Belarus","1990","2518","3","1000 cubic metres/day"
"Belgium","2011","4964.19189453125","","1000 cubic metres/day"
"Belgium","2010","5455.34228515625","","1000 cubic metres/day"
"Belgium","2009","2528.76708984375","","1000 cubic metres/day"
"Belgium","2008","635.616455078125","","1000 cubic metres/day"
"Belgium","2007","536.986328125","","1000 cubic metres/day"
"Belgium","2006","298.630126953125","","1000 cubic metres/day"
"Belgium","2005","263.013702392578","","1000 cubic metres/day"
"Bolivia (Plurinational State of)","2015","317.7333984375","4","1000 cubic metres/day"
"Bolivia (Plurinational State of)","2014","311.477874755859","4","1000 cubic metres/day"
"Bolivia (Plurinational State of)","2013","265.398773193359","4","1000 cubic metres/day"
"Bolivia (Plurinational State of)","2012","249.290878295898","4","1000 cubic metres/day"
"Bolivia (Plurinational State of)","2011","232.330871582031","4","1000 cubic metres/day"
"Bosnia and Herzegovina","2015","12.8493146896362","","1000 cubic metres/day"
"Bosnia and Herzegovina","2014","10.9534244537354","","1000 cubic metres/day"
"Bosnia and Herzegovina","2013","11.0684928894043","","1000 cubic metres/day"
"Bosnia and Herzegovina","2012","11.334246635437","","1000 cubic metres/day"
"Bosnia and Herzegovina","2011","10.0054798126221","","1000 cubic metres/day"
"Bosnia and Herzegovina","2010","13.569863319397","","1000 cubic metres/day"
"Bosnia and Herzegovina","2009","13.9315071105957","","1000 cubic metres/day"
"Bosnia and Herzegovina","2008","13.9479455947876","","1000 cubic metres/day"
"Bosnia and Herzegovina","2007","12.6821918487549","","1000 cubic metres/day"
"Bosnia and Herzegovina","2006","10.3726024627686","","1000 cubic metres/day"
"Bosnia and Herzegovina","2005","10.545205116272","","1000 cubic metres/day"
"Bosnia and Herzegovina","2004","10.454794883728","","1000 cubic metres/day"
"Brazil","2015","10424.7197265625","5","1000 cubic metres/day"
"Brazil","2014","10311.919921875","5","1000 cubic metres/day"
"Brazil","2013","9806.400390625","5","1000 cubic metres/day"
"Brazil","2012","9005","6","1000 cubic metres/day"
"Brazil","2011","8782.1904296875","","1000 cubic metres/day"
"Brazil","2010","8558.900390625","","1000 cubic metres/day"
"Brazil","2009","7931.22998046875","","1000 cubic metres/day"
"Brazil","2008","7289.0400390625","","1000 cubic metres/day"
"Brazil","2007","6693.419921875","","1000 cubic metres/day"
"Brazil","2006","6333.419921875","","1000 cubic metres/day"
"Brazil","2005","6032.330078125","","1000 cubic metres/day"
"Brazil","2004","5676.990234375","","1000 cubic metres/day"
"Brazil","2003","5265.2099609375","","1000 cubic metres/day"
"Brazil","2002","5007.39990234375","","1000 cubic metres/day"
"Brazil","2001","4518.35986328125","","1000 cubic metres/day"
"Brazil","2000","4170.68017578125","","1000 cubic metres/day"
"Bulgaria","2015","1447.97265625","","1000 cubic metres/day"
"Bulgaria","2014","1371.69860839844","","1000 cubic metres/day"
"Bulgaria","2013","1407.61645507813","","1000 cubic metres/day"
"Bulgaria","2012","1324.13696289063","","1000 cubic metres/day"
"Bulgaria","2011","1308.5205078125","","1000 cubic metres/day"
"Bulgaria","2010","1328.65759277344","","1000 cubic metres/day"
"Bulgaria","2009","1169.58898925781","","1000 cubic metres/day"
"Bulgaria","2008","1153.97265625","","1000 cubic metres/day"
"Bulgaria","2007","1073.42468261719","","1000 cubic metres/day"
"Bulgaria","2006","1106.57531738281","","1000 cubic metres/day"
"Bulgaria","2005","1127.12329101563","","1000 cubic metres/day"
"Bulgaria","2004","1272.05480957031","","1000 cubic metres/day"
"Bulgaria","2003","1291.5068359375","","1000 cubic metres/day"
"Bulgaria","2002","1264.93151855469","","1000 cubic metres/day"
"Bulgaria","2001","1237.26025390625","","1000 cubic metres/day"
"Bulgaria","2000","1345.20544433594","","1000 cubic metres/day"
"Bulgaria","1995","593.972595214844","","1000 cubic metres/day"
"Burundi","2015","10","7","1000 cubic metres/day"
"Burundi","2014","10","7","1000 cubic metres/day"
"Burundi","2013","8","7","1000 cubic metres/day"
"Burundi","2012","8","7","1000 cubic metres/day"
"Burundi","2011","8","7","1000 cubic metres/day"
"Burundi","2010","14.5","7","1000 cubic metres/day"
"Burundi","2005","8","7","1000 cubic metres/day"
"Burundi","2004","8.89999961853027","7","1000 cubic metres/day"
"Burundi","2003","9.69999980926514","7","1000 cubic metres/day"
"Cabo Verde","2006","2.32010960578918","8","1000 cubic metres/day"
"Cabo Verde","2005","0.302197247743607","8","1000 cubic metres/day"
"Cayman Islands","2015","3.76648545265198","","1000 cubic metres/day"
"Cayman Islands","2014","3.90048909187317","","1000 cubic metres/day"
"Cayman Islands","2013","3.56048321723938","","1000 cubic metres/day"
"Cayman Islands","2012","3.29028058052063","","1000 cubic metres/day"
"Cayman Islands","2011","2.8538224697113","","1000 cubic metres/day"
"Cayman Islands","2010","2.89697623252869","","1000 cubic metres/day"
"Cayman Islands","2009","2.73533916473389","","1000 cubic metres/day"
"Cayman Islands","2008","2.60436391830444","","1000 cubic metres/day"
"Cayman Islands","2007","2.49572253227234","","1000 cubic metres/day"
"Cayman Islands","2006","2.22998642921448","","1000 cubic metres/day"
"Cayman Islands","2005","1.82078337669373","","1000 cubic metres/day"
"Cayman Islands","2004","1.94380939006805","","1000 cubic metres/day"
"China, Hong Kong Special Administrative Region","2015","2731","9","1000 cubic metres/day"
"China, Hong Kong Special Administrative Region","2014","2782","9","1000 cubic metres/day"
"China, Hong Kong Special Administrative Region","2013","2778","9","1000 cubic metres/day"
"China, Hong Kong Special Administrative Region","2012","2755","9","1000 cubic metres/day"
"China, Hong Kong Special Administrative Region","2011","2681","9","1000 cubic metres/day"
"China, Hong Kong Special Administrative Region","2010","2674","9","1000 cubic metres/day"
"China, Hong Kong Special Administrative Region","2009","2675","9","1000 cubic metres/day"
"China, Hong Kong Special Administrative Region","2008","2693","9","1000 cubic metres/day"
"China, Hong Kong Special Administrative Region","2002","2495.89038085938","","1000 cubic metres/day"
"China, Hong Kong Special Administrative Region","2001","2424.65747070313","","1000 cubic metres/day"
"China, Hong Kong Special Administrative Region","2000","2350.68481445313","","1000 cubic metres/day"
"China, Hong Kong Special Administrative Region","1999","2186.30126953125","","1000 cubic metres/day"
"China, Hong Kong Special Administrative Region","1998","2145.20556640625","","1000 cubic metres/day"
"China, Hong Kong Special Administrative Region","1997","2087.67114257813","","1000 cubic metres/day"
"China, Hong Kong Special Administrative Region","1996","2098.63012695313","","1000 cubic metres/day"
"China, Hong Kong Special Administrative Region","1995","1958.90405273438","","1000 cubic metres/day"
"China, Macao Special Administrative Region","2015","193","","1000 cubic metres/day"
"China, Macao Special Administrative Region","2014","216.899993896484","","1000 cubic metres/day"
"China, Macao Special Administrative Region","2013","214.899993896484","","1000 cubic metres/day"
"China, Macao Special Administrative Region","2012","203.199996948242","","1000 cubic metres/day"
"China, Macao Special Administrative Region","2011","185.699996948242","","1000 cubic metres/day"
"China, Macao Special Administrative Region","2010","187.899993896484","","1000 cubic metres/day"
"China, Macao Special Administrative Region","2009","182.699996948242","","1000 cubic metres/day"
"China, Macao Special Administrative Region","2008","124.300003051758","","1000 cubic metres/day"
"China, Macao Special Administrative Region","2007","167.699996948242","","1000 cubic metres/day"
"China, Macao Special Administrative Region","2006","151.899993896484","","1000 cubic metres/day"
"China, Macao Special Administrative Region","2005","152.5","","1000 cubic metres/day"
"China, Macao Special Administrative Region","2004","151","","1000 cubic metres/day"
"China, Macao Special Administrative Region","2003","133.600006103516","","1000 cubic metres/day"
"China, Macao Special Administrative Region","2002","146","","1000 cubic metres/day"
"China, Macao Special Administrative Region","2001","145.300003051758","","1000 cubic metres/day"
"China, Macao Special Administrative Region","2000","123.699996948242","","1000 cubic metres/day"
"China, Macao Special Administrative Region","1999","114.5","","1000 cubic metres/day"
"China, Macao Special Administrative Region","1998","101.099998474121","","1000 cubic metres/day"
"China, Macao Special Administrative Region","1997","92.0999984741211","","1000 cubic metres/day"
"China, Macao Special Administrative Region","1996","80.6999969482422","","1000 cubic metres/day"
"China, Macao Special Administrative Region","1995","75","","1000 cubic metres/day"
"Costa Rica","2015","66.568244934082","","1000 cubic metres/day"
"Costa Rica","2014","27.7876167297363","","1000 cubic metres/day"
"Costa Rica","2013","30.4941959381104","","1000 cubic metres/day"
"Costa Rica","2012","26.5153980255127","","1000 cubic metres/day"
"Costa Rica","2011","26.1822776794434","","1000 cubic metres/day"
"Costa Rica","2010","31.5152263641357","","1000 cubic metres/day"
"Costa Rica","2009","6.33891010284424","","1000 cubic metres/day"
"Costa Rica","2008","4.78890991210938","","1000 cubic metres/day"
"Croatia","2015","703.26025390625","","1000 cubic metres/day"
"Croatia","2014","734.252075195313","","1000 cubic metres/day"
"Croatia","2013","809.041076660156","10","1000 cubic metres/day"
"Croatia","2012","709.863037109375","10","1000 cubic metres/day"
"Croatia","2011","573.150695800781","","1000 cubic metres/day"
"Croatia","2010","563.561645507813","","1000 cubic metres/day"
"Croatia","2009","564.383544921875","","1000 cubic metres/day"
"Croatia","2008","526.027404785156","","1000 cubic metres/day"
"Cyprus","2005","60.5479469299316","","1000 cubic metres/day"
"Cyprus","2004","58.0821914672852","","1000 cubic metres/day"
"Czechia","2015","2160","","1000 cubic metres/day"
"Czechia","2014","2218.90405273438","","1000 cubic metres/day"
"Czechia","2013","2546.30126953125","","1000 cubic metres/day"
"Czechia","2012","2286.30126953125","","1000 cubic metres/day"
"Czechia","2011","2381.64379882813","","1000 cubic metres/day"
"Czechia","2010","2669.31518554688","","1000 cubic metres/day"
"Czechia","2009","2423.013671875","","1000 cubic metres/day"
"Czechia","2008","2259.72607421875","","1000 cubic metres/day"
"Czechia","2007","2359.17797851563","","1000 cubic metres/day"
"Czechia","2006","2478.63012695313","","1000 cubic metres/day"
"Egypt","2015","10470","","1000 cubic metres/day"
"Egypt","1996","10980","","1000 cubic metres/day"
"Egypt","1995","13749.599609375","","1000 cubic metres/day"
"Egypt","1990","5071.2001953125","","1000 cubic metres/day"
"El Salvador","2011","3979","","1000 cubic metres/day"
"El Salvador","2010","3935","","1000 cubic metres/day"
"El Salvador","2009","3944","","1000 cubic metres/day"
"El Salvador","2008","3959","","1000 cubic metres/day"
"El Salvador","2007","3975","","1000 cubic metres/day"
"Finland","2013","666.301391601563","","1000 cubic metres/day"
"Finland","2012","786.301391601563","","1000 cubic metres/day"
"Finland","2011","687.945190429688","","1000 cubic metres/day"
"Finland","2010","633.150695800781","","1000 cubic metres/day"
"Finland","2009","631.780822753906","","1000 cubic metres/day"
"Finland","2008","803.835632324219","","1000 cubic metres/day"
"Finland","2007","705.479431152344","","1000 cubic metres/day"
"Finland","2006","669.863037109375","","1000 cubic metres/day"
"Finland","2005","724.109619140625","","1000 cubic metres/day"
"French Polynesia","2013","6.84999990463257","","1000 cubic metres/day"
"Georgia","2000","650","","1000 cubic metres/day"
"Georgia","1999","686","","1000 cubic metres/day"
"Georgia","1998","655","","1000 cubic metres/day"
"Georgia","1997","686.599975585938","","1000 cubic metres/day"
"Georgia","1996","677.5","","1000 cubic metres/day"
"Georgia","1995","649.299987792969","","1000 cubic metres/day"
"Georgia","1990","1153","","1000 cubic metres/day"
"Germany","2013","27222.177734375","","1000 cubic metres/day"
"Germany","2010","27519.048828125","","1000 cubic metres/day"
"Germany","2007","27789.58984375","","1000 cubic metres/day"
"Germany","2004","14334.794921875","","1000 cubic metres/day"
"Germany","2001","14470.958984375","","1000 cubic metres/day"
"Greece","2009","5.47945213317871","","1000 cubic metres/day"
"Greece","2007","5.47945213317871","","1000 cubic metres/day"
"Hungary","2015","1330.94250488281","","1000 cubic metres/day"
"Hungary","2014","1302.30139160156","","1000 cubic metres/day"
"Hungary","2013","1328.45202636719","","1000 cubic metres/day"
"Hungary","2012","1182.59448242188","","1000 cubic metres/day"
"Iraq","2015","1386","","1000 cubic metres/day"
"Iraq","2014","1211.40002441406","11","1000 cubic metres/day"
"Iraq","2013","1273.80004882813","11","1000 cubic metres/day"
"Iraq","2012","1139","","1000 cubic metres/day"
"Iraq","2011","976.700012207031","","1000 cubic metres/day"
"Iraq","2010","815.799987792969","","1000 cubic metres/day"
"Iraq","2009","844.5","","1000 cubic metres/day"
"Iraq","2008","794.599975585938","12","1000 cubic metres/day"
"Iraq","2007","998.200012207031","","1000 cubic metres/day"
"Iraq","2006","1195.09997558594","","1000 cubic metres/day"
"Iraq","2005","317.5","","1000 cubic metres/day"
"Jordan","2012","279.068481445313","13","1000 cubic metres/day"
"Jordan","2011","281.643829345703","13","1000 cubic metres/day"
"Jordan","2010","281.917816162109","13","1000 cubic metres/day"
"Jordan","2009","280.438354492188","13","1000 cubic metres/day"
"Jordan","2008","276.712341308594","13","1000 cubic metres/day"
"Jordan","2007","249.232879638672","13","1000 cubic metres/day"
"Jordan","2006","219.890411376953","13","1000 cubic metres/day"
"Kazakhstan","2015","1553","","1000 cubic metres/day"
"Kazakhstan","2014","1542","","1000 cubic metres/day"
"Kazakhstan","2013","1569","","1000 cubic metres/day"
"Kazakhstan","2012","1593","","1000 cubic metres/day"
"Kazakhstan","2011","1590","","1000 cubic metres/day"
"Kazakhstan","2010","1578","","1000 cubic metres/day"
"Kazakhstan","2009","1867","","1000 cubic metres/day"
"Latvia","2015","298.657531738281","","1000 cubic metres/day"
"Latvia","2014","304.547943115234","","1000 cubic metres/day"
"Latvia","2013","411.342468261719","","1000 cubic metres/day"
"Latvia","2012","386.410949707031","","1000 cubic metres/day"
"Latvia","2011","433.397247314453","","1000 cubic metres/day"
"Latvia","2010","331.287658691406","","1000 cubic metres/day"
"Latvia","2009","400.328765869141","","1000 cubic metres/day"
"Latvia","2008","307.123291015625","","1000 cubic metres/day"
"Latvia","2007","351.068481445313","","1000 cubic metres/day"
"Latvia","2006","326.575347900391","","1000 cubic metres/day"
"Latvia","2005","333.808227539063","","1000 cubic metres/day"
"Liechtenstein","2015","27.6712322235107","","1000 cubic metres/day"
"Liechtenstein","2014","28.0547943115234","","1000 cubic metres/day"
"Liechtenstein","2013","29.6164379119873","","1000 cubic metres/day"
"Liechtenstein","2012","30.9289608001709","","1000 cubic metres/day"
"Liechtenstein","2011","23.095890045166","","1000 cubic metres/day"
"Liechtenstein","2010","27.3972606658936","","1000 cubic metres/day"
"Liechtenstein","2009","27.6712322235107","","1000 cubic metres/day"
"Liechtenstein","2008","30.6010932922363","","1000 cubic metres/day"
"Liechtenstein","2007","29.8630142211914","","1000 cubic metres/day"
"Liechtenstein","2006","26.0273971557617","","1000 cubic metres/day"
"Liechtenstein","2005","24.1095886230469","","1000 cubic metres/day"
"Liechtenstein","2004","25.1366119384766","","1000 cubic metres/day"
"Liechtenstein","2003","24.1095886230469","","1000 cubic metres/day"
"Liechtenstein","2002","27.9452056884766","","1000 cubic metres/day"
"Liechtenstein","2001","29.8630142211914","","1000 cubic metres/day"
"Liechtenstein","2000","30.6010932922363","","1000 cubic metres/day"
"Liechtenstein","1999","36.1643829345703","","1000 cubic metres/day"
"Liechtenstein","1998","26.3013706207275","","1000 cubic metres/day"
"Liechtenstein","1997","26.3013706207275","","1000 cubic metres/day"
"Liechtenstein","1996","24.3169403076172","","1000 cubic metres/day"
"Liechtenstein","1995","27.1232872009277","","1000 cubic metres/day"
"Liechtenstein","1990","26.8493156433105","","1000 cubic metres/day"
"Lithuania","2015","414.273986816406","","1000 cubic metres/day"
"Lithuania","2014","415.972595214844","","1000 cubic metres/day"
"Lithuania","2013","437.479461669922","","1000 cubic metres/day"
"Lithuania","2012","446.383575439453","","1000 cubic metres/day"
"Lithuania","2011","462.821929931641","","1000 cubic metres/day"
"Lithuania","2010","465.260284423828","","1000 cubic metres/day"
"Malta","2015","0","","1000 cubic metres/day"
"Malta","2014","0","","1000 cubic metres/day"
"Malta","2013","0","","1000 cubic metres/day"
"Malta","2012","0","","1000 cubic metres/day"
"Malta","2011","0","","1000 cubic metres/day"
"Malta","2010","0","","1000 cubic metres/day"
"Malta","2009","0","","1000 cubic metres/day"
"Malta","2008","0","","1000 cubic metres/day"
"Malta","2007","0","","1000 cubic metres/day"
"Malta","2006","0","","1000 cubic metres/day"
"Malta","2005","0","","1000 cubic metres/day"
"Malta","2004","0","","1000 cubic metres/day"
"Malta","2003","0","","1000 cubic metres/day"
"Malta","2002","0","","1000 cubic metres/day"
"Malta","2001","0","","1000 cubic metres/day"
"Malta","2000","0","","1000 cubic metres/day"
"Malta","1995","0","","1000 cubic metres/day"
"Malta","1990","0","","1000 cubic metres/day"
"Mauritius","2015","121.199996948242","","1000 cubic metres/day"
"Mauritius","2014","119","","1000 cubic metres/day"
"Mauritius","2013","113.699996948242","","1000 cubic metres/day"
"Mauritius","2012","100.699996948242","","1000 cubic metres/day"
"Mauritius","2011","83.6999969482422","","1000 cubic metres/day"
"Mauritius","2010","70.6999969482422","","1000 cubic metres/day"
"Mauritius","2009","90.6999969482422","","1000 cubic metres/day"
"Mauritius","2008","74.6999969482422","14","1000 cubic metres/day"
"Mauritius","2007","42","","1000 cubic metres/day"
"Mauritius","2006","41","","1000 cubic metres/day"
"Mauritius","2005","38","","1000 cubic metres/day"
"Mauritius","2002","56.5999984741211","","1000 cubic metres/day"
"Mauritius","2000","35","","1000 cubic metres/day"
"Mauritius","1999","35","","1000 cubic metres/day"
"Mauritius","1998","35","","1000 cubic metres/day"
"Mauritius","1997","35","","1000 cubic metres/day"
"Mauritius","1996","35","","1000 cubic metres/day"
"Mauritius","1995","35","","1000 cubic metres/day"
"Mauritius","1990","30","","1000 cubic metres/day"
"Monaco","2015","16.8250007629395","15","1000 cubic metres/day"
"Monaco","2014","21.1720008850098","15","1000 cubic metres/day"
"Monaco","2013","18.9909992218018","15","1000 cubic metres/day"
"Monaco","2012","16.1399993896484","15","1000 cubic metres/day"
"Monaco","2011","17.0599994659424","15","1000 cubic metres/day"
"Monaco","2010","17.7999992370605","15","1000 cubic metres/day"
"Monaco","2009","18.0450000762939","15","1000 cubic metres/day"
"Monaco","2008","17.617000579834","15","1000 cubic metres/day"
"Monaco","2007","16.3859996795654","15","1000 cubic metres/day"
"Monaco","2006","17.0909996032715","15","1000 cubic metres/day"
"Monaco","2005","17.2229995727539","15","1000 cubic metres/day"
"Monaco","2004","17.5499992370605","15","1000 cubic metres/day"
"Monaco","2003","18.5200004577637","15","1000 cubic metres/day"
"Monaco","2002","19.2900009155273","15","1000 cubic metres/day"
"Monaco","2001","19.0699996948242","15","1000 cubic metres/day"
"Monaco","2000","20.75","15","1000 cubic metres/day"
"Monaco","1999","18.0699996948242","15","1000 cubic metres/day"
"Montenegro","2012","14192","","1000 cubic metres/day"
"Montenegro","2011","14192","","1000 cubic metres/day"
"Morocco","2015","824.799987792969","","1000 cubic metres/day"
"Netherlands","2014","4644.408203125","","1000 cubic metres/day"
"Netherlands","2013","4719.0849609375","","1000 cubic metres/day"
"Netherlands","2012","5004.3837890625","","1000 cubic metres/day"
"Netherlands","2011","4854.5205078125","","1000 cubic metres/day"
"Netherlands","2010","4878.08203125","","1000 cubic metres/day"
"Panama","2015","360.961029052734","","1000 cubic metres/day"
"Panama","2014","349.453552246094","","1000 cubic metres/day"
"Panama","2013","335.731811523438","","1000 cubic metres/day"
"Panama","2012","323.972229003906","","1000 cubic metres/day"
"Panama","2011","314.713897705078","","1000 cubic metres/day"
"Panama","2010","315.958343505859","","1000 cubic metres/day"
"Panama","2009","303.202331542969","","1000 cubic metres/day"
"Panama","2008","294.176971435547","","1000 cubic metres/day"
"Panama","2007","283.076995849609","","1000 cubic metres/day"
"Panama","2006","267.769134521484","","1000 cubic metres/day"
"Panama","2005","247.746536254883","","1000 cubic metres/day"
"Panama","2004","239.315307617188","","1000 cubic metres/day"
"Panama","2003","226.005905151367","","1000 cubic metres/day"
"Panama","2002","225.636779785156","","1000 cubic metres/day"
"Panama","2001","213.301895141602","","1000 cubic metres/day"
"Panama","2000","226.005905151367","","1000 cubic metres/day"
"Peru","2015","1738.28869628906","","1000 cubic metres/day"
"Peru","2014","1597.65075683594","","1000 cubic metres/day"
"Peru","2013","1038.36584472656","","1000 cubic metres/day"
"Peru","2012","709.861755371094","","1000 cubic metres/day"
"Peru","2011","718.213317871094","","1000 cubic metres/day"
"Peru","2010","703.400085449219","","1000 cubic metres/day"
"Peru","2009","743.130065917969","","1000 cubic metres/day"
"Peru","2008","732.307495117188","","1000 cubic metres/day"
"Peru","2007","595.221435546875","","1000 cubic metres/day"
"Peru","2006","585.633361816406","","1000 cubic metres/day"
"Qatar","2012","389.969543457031","","1000 cubic metres/day"
"Qatar","2011","339.415130615234","","1000 cubic metres/day"
"Qatar","2010","278.501068115234","","1000 cubic metres/day"
"Qatar","2009","250.274230957031","","1000 cubic metres/day"
"Qatar","2008","238.91748046875","","1000 cubic metres/day"
"Qatar","2007","190.790054321289","","1000 cubic metres/day"
"Qatar","2006","164.592849731445","","1000 cubic metres/day"
"Qatar","2005","151.417816162109","","1000 cubic metres/day"
"Qatar","2004","67.2356185913086","","1000 cubic metres/day"
"Republic of Moldova","2015","306.100006103516","","1000 cubic metres/day"
"Republic of Moldova","2014","298.5","","1000 cubic metres/day"
"Republic of Moldova","2013","308.200012207031","","1000 cubic metres/day"
"Republic of Moldova","2012","309.600006103516","","1000 cubic metres/day"
"Republic of Moldova","2011","315.100006103516","","1000 cubic metres/day"
"Republic of Moldova","2010","326","","1000 cubic metres/day"
"Republic of Moldova","2009","317.799987792969","","1000 cubic metres/day"
"Republic of Moldova","2008","315.100006103516","","1000 cubic metres/day"
"Republic of Moldova","2007","326","","1000 cubic metres/day"
"Republic of Moldova","2006","326","","1000 cubic metres/day"
"Republic of Moldova","2005","339.700012207031","","1000 cubic metres/day"
"Republic of Moldova","2004","232.899993896484","","1000 cubic metres/day"
"Republic of Moldova","2003","216.399993896484","","1000 cubic metres/day"
"Republic of Moldova","2002","342.5","","1000 cubic metres/day"
"Republic of Moldova","2001","378.100006103516","","1000 cubic metres/day"
"Republic of Moldova","2000","443.799987792969","","1000 cubic metres/day"
"Romania","2015","2469.041015625","","1000 cubic metres/day"
"Romania","2014","2517.26025390625","","1000 cubic metres/day"
"Romania","2013","2595.89038085938","","1000 cubic metres/day"
"Romania","2012","2700","","1000 cubic metres/day"
"Romania","2011","2061.64379882813","","1000 cubic metres/day"
"Romania","2010","2068.4931640625","","1000 cubic metres/day"
"Romania","2009","1660.54797363281","","1000 cubic metres/day"
"Romania","2008","1759.45202636719","","1000 cubic metres/day"
"Samoa","2014","0.5","","1000 cubic metres/day"
"Samoa","2013","0.519999980926514","","1000 cubic metres/day"
"Samoa","2012","0.509999990463257","","1000 cubic metres/day"
"Saudi Arabia","2014","728.174987792969","16","1000 cubic metres/day"
"Saudi Arabia","2011","578.159973144531","17","1000 cubic metres/day"
"Serbia","2015","124","","1000 cubic metres/day"
"Serbia","2014","124","","1000 cubic metres/day"
"Serbia","2013","132","","1000 cubic metres/day"
"Serbia","2012","130","","1000 cubic metres/day"
"Serbia","2011","129","","1000 cubic metres/day"
"Serbia","2010","122","","1000 cubic metres/day"
"Serbia","2009","132","","1000 cubic metres/day"
"Serbia","2008","108","","1000 cubic metres/day"
"Serbia","2007","130","","1000 cubic metres/day"
"Serbia","2006","139","","1000 cubic metres/day"
"Serbia","2005","139","","1000 cubic metres/day"
"Serbia","2004","140","","1000 cubic metres/day"
"Serbia","2003","142","18","1000 cubic metres/day"
"Serbia","2002","144","18","1000 cubic metres/day"
"Serbia","2001","147","18","1000 cubic metres/day"
"Serbia","2000","137","","1000 cubic metres/day"
"Singapore","2002","1307","","1000 cubic metres/day"
"Singapore","2001","1280","","1000 cubic metres/day"
"Singapore","2000","1342","","1000 cubic metres/day"
"Singapore","1999","1308","","1000 cubic metres/day"
"Singapore","1998","1301","","1000 cubic metres/day"
"Singapore","1997","1209","","1000 cubic metres/day"
"Singapore","1996","1201","","1000 cubic metres/day"
"Singapore","1995","1177","","1000 cubic metres/day"
"Singapore","1990","876","","1000 cubic metres/day"
"Slovakia","2015","1378.90405273438","","1000 cubic metres/day"
"Spain","2014","11923.2880859375","","1000 cubic metres/day"
"Spain","2013","12021.91796875","","1000 cubic metres/day"
"Spain","2012","11813.6982421875","","1000 cubic metres/day"
"Spain","2011","11786.3017578125","","1000 cubic metres/day"
"Spain","2010","11460.2744140625","","1000 cubic metres/day"
"Spain","2009","10717.80859375","","1000 cubic metres/day"
"Spain","2008","10424.6572265625","","1000 cubic metres/day"
"Spain","2007","10791.78125","","1000 cubic metres/day"
"Spain","2006","11808.21875","","1000 cubic metres/day"
"Spain","2005","12320.5478515625","","1000 cubic metres/day"
"Spain","2004","13589.041015625","","1000 cubic metres/day"
"Spain","2003","13013.6982421875","","1000 cubic metres/day"
"Spain","2002","11917.80859375","","1000 cubic metres/day"
"Spain","2001","11726.02734375","","1000 cubic metres/day"
"Spain","2000","10547.9453125","","1000 cubic metres/day"
"Switzerland","2013","3838.35620117188","","1000 cubic metres/day"
"Switzerland","2010","3863.013671875","","1000 cubic metres/day"
"The former Yugoslav Republic of Macedonia","2000","13","","1000 cubic metres/day"
"The former Yugoslav Republic of Macedonia","1999","15","","1000 cubic metres/day"
"The former Yugoslav Republic of Macedonia","1998","12","","1000 cubic metres/day"
"The former Yugoslav Republic of Macedonia","1997","25.7999992370605","","1000 cubic metres/day"
"The former Yugoslav Republic of Macedonia","1996","18.1000003814697","","1000 cubic metres/day"
"The former Yugoslav Republic of Macedonia","1995","3.90000009536743","","1000 cubic metres/day"
"The former Yugoslav Republic of Macedonia","1990","3.5","","1000 cubic metres/day"
"Trinidad and Tobago","2016","234.339996337891","19","1000 cubic metres/day"
"Trinidad and Tobago","2015","234.339996337891","19","1000 cubic metres/day"
"Trinidad and Tobago","2014","234.339996337891","19","1000 cubic metres/day"
"Tunisia","2015","672.400024414063","","1000 cubic metres/day"
"Tunisia","2014","658.700012207031","","1000 cubic metres/day"
"Tunisia","2013","630.299987792969","","1000 cubic metres/day"
"Tunisia","2012","641","","1000 cubic metres/day"
"Tunisia","2011","650.200012207031","","1000 cubic metres/day"
"Tunisia","2010","657.400024414063","","1000 cubic metres/day"
"Tunisia","2009","654.200012207031","","1000 cubic metres/day"
"Tunisia","2008","642.5","","1000 cubic metres/day"
"Tunisia","2007","622.700012207031","","1000 cubic metres/day"
"Tunisia","2006","595.400024414063","","1000 cubic metres/day"
"Turkey","2014","9593.205078125","","1000 cubic metres/day"
"Turkey","2013","9225.5888671875","20","1000 cubic metres/day"
"Turkey","2012","8983.013671875","","1000 cubic metres/day"
"Turkey","2011","8240.5478515625","20","1000 cubic metres/day"
"Turkey","2010","7498.08203125","","1000 cubic metres/day"
"Turkey","2009","6912.32861328125","","1000 cubic metres/day"
"Turkey","2008","6168.76708984375","","1000 cubic metres/day"
"Turkey","2007","6020.82177734375","","1000 cubic metres/day"
"Turkey","2006","5864.3837890625","","1000 cubic metres/day"
"Turkey","2005","5129.31494140625","","1000 cubic metres/day"
"Turkey","2004","5208.21923828125","","1000 cubic metres/day"
"Turkey","2003","4346.84912109375","","1000 cubic metres/day"
"Turkey","2002","3595.61645507813","","1000 cubic metres/day"
"Turkey","2001","3271.23291015625","","1000 cubic metres/day"
"Turkey","2000","2900.27392578125","","1000 cubic metres/day"
"Ukraine","2002","5783.60009765625","","1000 cubic metres/day"
"Ukraine","2001","12191.7998046875","","1000 cubic metres/day"
"Ukraine","2000","12753.400390625","","1000 cubic metres/day"
"Ukraine","1999","13465.7998046875","","1000 cubic metres/day"
"Ukraine","1998","13860.2998046875","","1000 cubic metres/day"
"Ukraine","1997","14430","","1000 cubic metres/day"
"Ukraine","1996","14884.900390625","","1000 cubic metres/day"
"Ukraine","1995","15550.7001953125","","1000 cubic metres/day"
"Ukraine","1990","16562.69921875","","1000 cubic metres/day"
"United Arab Emirates","2015","1948.09997558594","21","1000 cubic metres/day"
"United Arab Emirates","2014","1789.30004882813","21","1000 cubic metres/day"
"United Arab Emirates","2013","1659.09997558594","21","1000 cubic metres/day"
"United Arab Emirates","2012","1523.73681640625","21","1000 cubic metres/day"
"United Arab Emirates","2011","1363.52404785156","21","1000 cubic metres/day"

"fnSeqID","Footnote"
"1","Refers to the volumes processed in the wastewater treatment plants managed by the National Office of Sanitation (ONA) only."
"2","Information provided by Dhaka Water Supply and Sewerage Authority(DWASA);  Only Dhaka City is considered."
"3","Data refer to Waste Water treated in Municipal Treatment Plants and Treatment Plants administered by industrial enterprises."
"4","Information provided by the Fiscal and Social Control Authority of Drinking Water and Basic Sanitation, examines all Water and Sanitation Service Providers (EPSAS) with regulatory monitoring. Does not include wastewater transported in trucks."
"5","Estimated according to National Information System on Sewerage (Ministry of Cities, 2016) data."
"6","Estimated according to National Information System on Sewerage (Ministry of Cities, 2014) data"
"7","The figures are provided by the meters when discharging wastewater into wastewater treatment plants managed by the SETEMU (Municipal Technical Services), as well as recording the quantities of tanker trucks of private associations that discharge wastewater into wastewater treatment plants of the SETEMU. Sometimes the pumps fail for some time and the wastewater spills out; hence difficult quantification. For more information consult the document ' Rapport de la mission d'appui technique: Amélioration de la gestion du réseau des eaux usées, de l'exploitation de la STEP et de l'utilisation du laboratoire des SETEMU et du SETAG (1ère Mission) "."
"8","Estimated values. Source: the document 'PAGIRE I - 2010-20 - Plano de Acção Nac Gestão Integrada Rec. Hídricos (page 21)'."
"9","Line 7 is the sum of wastewater treated by preliminary treatment, primary treatment (line 8), secondary treatment (line 9) and tertiary treatment (line 10). Preliminary treatment accounted for (in 1 000m3/d) 779, 782, 797, 793, 842, 819, 678 and 483 in 2008, 2009, 2010, 2011, 2012, 2013, 2014 and 2015 respectively."
"10","Provisional."
"11","Report of the Environment Statistics for Iraq for the years 2013-2014 Data Source Ministry of Municipalities and Public Works and the Municipality of Baghdad (decrease in the amount of wastewater produced due to the failure of some stations, which led to the transfer of a section of wastewater to the river directly)."
"12","Report on Environment Statistics for Iraq 2008 / Data Source Ministry of Municipalities and Public Works and the Secretariat of Baghdad, the reason for the decrease in the quantity of wastewater produced due to the interruption of central processing plants because of maintenance work."
"13","The quantity of wastewater mentioned here refers to the amounts of wastewater received by the purification plants, which according to the law only receive municipal wastewater, which includes household and some commercial activities and light industries mixed with residential areas."
"14","Sudden increase due to construction of a new plant, Montagne Jacquot Treatment Plant."
"15","Refers to incoming volume at the wastewater treatment plant."
"16","Water from Househols treated in 102 stations."
"17","Water from Househols treated in 66 stations."
"18","Estimated data."
"19","Calculated using design capacity for the facility."
"20","Estimate."
"21","The treated wastewater that is collected and treated in government and semi-government treatment plants only."
