"Country or Area","Year","Value","Value Footnotes","Unit"
"Andorra","2015","0","","tonnes"
"Andorra","2014","0","","tonnes"
"Andorra","2013","0","","tonnes"
"Andorra","2012","0","","tonnes"
"Andorra","2011","0","","tonnes"
"Andorra","2010","0","","tonnes"
"Andorra","2009","0","","tonnes"
"Andorra","2008","0","","tonnes"
"Andorra","2007","0","","tonnes"
"Andorra","2006","0","","tonnes"
"Andorra","2005","0","","tonnes"
"Andorra","2004","425.980010986328","","tonnes"
"Andorra","2003","486.799987792969","1","tonnes"
"Andorra","2002","313.399993896484","1","tonnes"
"Armenia","2012","62402","2","tonnes"
"Armenia","2011","67396","2","tonnes"
"Armenia","2010","48298","2","tonnes"
"Armenia","2009","467523.59375","2","tonnes"
"Armenia","2008","430553.6875","2","tonnes"
"Armenia","2007","440870.90625","2","tonnes"
"Armenia","2006","343392.6875","2","tonnes"
"Armenia","2005","330909.1875","2","tonnes"
"Armenia","2004","544700.625","2","tonnes"
"Armenia","2003","420383.59375","2","tonnes"
"Armenia","2002","1204.5","3","tonnes"
"Armenia","2001","1551.09997558594","3","tonnes"
"Armenia","2000","1967.40002441406","3","tonnes"
"Armenia","1999","912.400024414063","3","tonnes"
"Austria","2014","439247","","tonnes"
"Austria","2012","338860","","tonnes"
"Austria","2010","401082","","tonnes"
"Austria","2008","395221","","tonnes"
"Austria","2006","335042","","tonnes"
"Austria","2004","861967","","tonnes"
"Azerbaijan","2012","205211.203125","","tonnes"
"Azerbaijan","2011","138281.5","","tonnes"
"Azerbaijan","2010","151291.90625","","tonnes"
"Azerbaijan","2009","173658.09375","","tonnes"
"Azerbaijan","2008","69180","","tonnes"
"Azerbaijan","2007","7677","","tonnes"
"Azerbaijan","2006","1435482","","tonnes"
"Azerbaijan","2005","5571","","tonnes"
"Azerbaijan","2004","105165","","tonnes"
"Azerbaijan","2003","11492","","tonnes"
"Azerbaijan","2002","3342","","tonnes"
"Azerbaijan","2001","4927","","tonnes"
"Azerbaijan","2000","11435","","tonnes"
"Azerbaijan","1999","13030","","tonnes"
"Azerbaijan","1998","33922","","tonnes"
"Azerbaijan","1997","36097","","tonnes"
"Azerbaijan","1996","18024","","tonnes"
"Azerbaijan","1995","25434","","tonnes"
"Bangladesh","2005","75920","4","tonnes"
"Bangladesh","2004","73985","4","tonnes"
"Belarus","2010","1332781","","tonnes"
"Belarus","2009","940491","","tonnes"
"Belarus","2008","918345","","tonnes"
"Belarus","2007","321512","","tonnes"
"Belarus","2006","235071","","tonnes"
"Belarus","2005","189612","","tonnes"
"Belarus","2004","169744","5","tonnes"
"Belarus","2003","123930","5","tonnes"
"Belarus","2002","139425","5","tonnes"
"Belarus","2001","116816","5","tonnes"
"Belgium","2014","1926145","","tonnes"
"Belgium","2012","2059944","","tonnes"
"Belgium","2010","13964707","","tonnes"
"Belgium","2008","2200008","","tonnes"
"Belgium","2006","1760728","","tonnes"
"Belgium","2004","3310427","","tonnes"
"Belize","2000","775","6","tonnes"
"Belize","1999","691","6","tonnes"
"Bermuda","2012","501","","tonnes"
"Bermuda","2011","601","","tonnes"
"Bermuda","2010","585","","tonnes"
"Bermuda","2009","598","","tonnes"
"Bermuda","2008","599","","tonnes"
"Bermuda","2007","658","","tonnes"
"Bermuda","2006","899","","tonnes"
"Bulgaria","2014","12176438","","tonnes"
"Bulgaria","2012","13389620","","tonnes"
"Bulgaria","2010","13561160","","tonnes"
"Bulgaria","2008","13037033","","tonnes"
"Bulgaria","2006","13474505","","tonnes"
"Bulgaria","2004","12090994","","tonnes"
"Bulgaria","2000","0","","tonnes"
"Bulgaria","1999","0","","tonnes"
"Bulgaria","1998","0","","tonnes"
"Bulgaria","1997","0","","tonnes"
"Bulgaria","1996","0","","tonnes"
"Bulgaria","1995","0","","tonnes"
"Bulgaria","1990","0","","tonnes"
"Burkina Faso","2002","7871","7","tonnes"
"Burkina Faso","2001","4185","7","tonnes"
"Burkina Faso","2000","1577","7","tonnes"
"Cameroon","2009","8716.599609375","","tonnes"
"Cameroon","2008","9383.2998046875","","tonnes"
"Cameroon","2007","8296.099609375","","tonnes"
"Cameroon","2006","10343.900390625","","tonnes"
"Cameroon","2005","9429.7998046875","","tonnes"
"Cameroon","2004","5715.5","","tonnes"
"Canada","2000","1100000","","tonnes"
"Chile","2009","237760","","tonnes"
"Chile","2008","214430","","tonnes"
"Chile","2007","233500","","tonnes"
"Chile","2006","217110","","tonnes"
"Chile","2005","244150","","tonnes"
"Chile","2004","219010","","tonnes"
"Chile","2003","198190","","tonnes"
"Chile","2002","186600","","tonnes"
"Chile","2001","189720","","tonnes"
"Chile","2000","87090","","tonnes"
"China","2012","27028500","","tonnes"
"China","2011","26895300","8","tonnes"
"China","2010","14895000","","tonnes"
"China","2009","12590000","","tonnes"
"China","2008","12080000","","tonnes"
"China","2007","9960000","","tonnes"
"China","2006","8550000","","tonnes"
"China","2005","8350000","","tonnes"
"China","2004","6780000","","tonnes"
"China","2003","8020000","","tonnes"
"China","2002","6330000","","tonnes"
"China","2001","6710000","","tonnes"
"China","2000","5870000","","tonnes"
"China","1999","9890000","","tonnes"
"China","1998","9282000","","tonnes"
"China, Hong Kong Special Administrative Region","2009","53459","","tonnes"
"China, Hong Kong Special Administrative Region","2008","55899","","tonnes"
"China, Hong Kong Special Administrative Region","2007","59574","","tonnes"
"China, Hong Kong Special Administrative Region","2006","57973","","tonnes"
"China, Hong Kong Special Administrative Region","2005","46357","","tonnes"
"China, Hong Kong Special Administrative Region","2004","47318","","tonnes"
"China, Hong Kong Special Administrative Region","2003","58968","","tonnes"
"China, Hong Kong Special Administrative Region","2002","63848","","tonnes"
"China, Hong Kong Special Administrative Region","2001","76998","","tonnes"
"China, Hong Kong Special Administrative Region","2000","91261","","tonnes"
"China, Hong Kong Special Administrative Region","1999","71705","","tonnes"
"China, Hong Kong Special Administrative Region","1998","88458","","tonnes"
"China, Hong Kong Special Administrative Region","1997","79327","","tonnes"
"China, Hong Kong Special Administrative Region","1996","79405","","tonnes"
"China, Hong Kong Special Administrative Region","1995","97066","","tonnes"
"Colombia","2012","260814.15625","9","tonnes"
"Colombia","2011","200778.984375","9","tonnes"
"Colombia","2010","149395.28125","9","tonnes"
"Colombia","2009","156190.890625","9","tonnes"
"Colombia","2008","104307.5234375","9","tonnes"
"Colombia","2007","84253.5234375","10,9","tonnes"
"Croatia","2014","66055","","tonnes"
"Croatia","2012","73404","","tonnes"
"Croatia","2011","64239","","tonnes"
"Croatia","2010","68554","","tonnes"
"Croatia","2008","18364","","tonnes"
"Croatia","2006","623383","","tonnes"
"Croatia","2005","26281.80078125","","tonnes"
"Croatia","2004","42636","","tonnes"
"Croatia","2003","25190.900390625","","tonnes"
"Cuba","2012","230469","","tonnes"
"Cuba","2011","488662","","tonnes"
"Cyprus","2014","161446","","tonnes"
"Cyprus","2012","24201","","tonnes"
"Cyprus","2010","30779","","tonnes"
"Cyprus","2008","23290","","tonnes"
"Cyprus","2006","16651","","tonnes"
"Cyprus","2004","65047","","tonnes"
"Cyprus","1997","46490","","tonnes"
"Cyprus","1996","48640","","tonnes"
"Czechia","2014","597309","","tonnes"
"Czechia","2012","753402","","tonnes"
"Czechia","2010","831600","","tonnes"
"Czechia","2008","834798","","tonnes"
"Czechia","2006","572497","","tonnes"
"Czechia","2004","648497","","tonnes"
"Czechia","2001","2812000","","tonnes"
"Czechia","2000","2629000","","tonnes"
"Czechia","1999","2391000","","tonnes"
"Czechia","1998","3414000","","tonnes"
"Denmark","2014","1819120","","tonnes"
"Denmark","2012","977663","","tonnes"
"Denmark","2010","1073218","","tonnes"
"Denmark","2008","416095","","tonnes"
"Denmark","2006","375562","","tonnes"
"Denmark","2004","338334","","tonnes"
"Denmark","2000","287000","","tonnes"
"Denmark","1999","347000","","tonnes"
"Denmark","1998","281000","","tonnes"
"Denmark","1997","252000","","tonnes"
"Denmark","1996","263000","","tonnes"
"Denmark","1995","252000","","tonnes"
"El Salvador","2013","5.8600001335144","","tonnes"
"El Salvador","2012","1.89999997615814","","tonnes"
"El Salvador","2010","42.7000007629395","","tonnes"
"Estonia","2014","10315094","","tonnes"
"Estonia","2012","9131275","","tonnes"
"Estonia","2010","8928558","","tonnes"
"Estonia","2008","7708801","","tonnes"
"Estonia","2006","6864430","","tonnes"
"Estonia","2004","7180381","","tonnes"
"Estonia","2000","5953150","","tonnes"
"Estonia","1999","5845250","","tonnes"
"Estonia","1998","6250050","","tonnes"
"Finland","2014","1915719","","tonnes"
"Finland","2012","1411308","","tonnes"
"Finland","2010","1365767","","tonnes"
"Finland","2008","2178038","","tonnes"
"Finland","2006","2172452","","tonnes"
"Finland","2004","2229060","","tonnes"
"France","2014","8205907","","tonnes"
"France","2012","8841003","","tonnes"
"France","2010","8533645","","tonnes"
"France","2008","6853136","","tonnes"
"France","2006","6689820","","tonnes"
"France","2004","6772000","","tonnes"
"French Guiana","2013","1104","11","tonnes"
"French Guiana","2008","111","12","tonnes"
"French Guiana","2007","76","12","tonnes"
"Germany","2014","20521108","","tonnes"
"Germany","2012","21098396","","tonnes"
"Germany","2010","19046940","","tonnes"
"Germany","2008","23823844","","tonnes"
"Germany","2006","21743228","","tonnes"
"Germany","2004","20556732","","tonnes"
"Greece","2014","115015","","tonnes"
"Greece","2012","108104","","tonnes"
"Greece","2010","108202","","tonnes"
"Greece","2008","157014","","tonnes"
"Greece","2006","186785","","tonnes"
"Greece","2004","292650","","tonnes"
"Guadeloupe","2013","19569","11","tonnes"
"Guadeloupe","2008","9048","12","tonnes"
"Guadeloupe","2007","4385","12","tonnes"
"Guatemala","2012","6324.89990234375","","tonnes"
"Guatemala","2011","10204","","tonnes"
"Guatemala","2010","304970","","tonnes"
"Guatemala","2009","3600","","tonnes"
"Guatemala","2008","917","","tonnes"
"Guatemala","2007","846","","tonnes"
"Guatemala","2006","709","","tonnes"
"Guatemala","2005","732","","tonnes"
"Guatemala","2004","833","","tonnes"
"Guatemala","2003","376","","tonnes"
"Guatemala","2002","0","","tonnes"
"Guatemala","2001","0","","tonnes"
"Hungary","2014","401517","","tonnes"
"Hungary","2012","376811","","tonnes"
"Hungary","2010","373999","","tonnes"
"Hungary","2008","449610","","tonnes"
"Hungary","2006","1179859","","tonnes"
"Hungary","2004","325032","","tonnes"
"Iceland","2012","11639","","tonnes"
"Iceland","2010","7926","","tonnes"
"Iceland","2008","135100","","tonnes"
"Iceland","2004","11000","","tonnes"
"Iceland","2001","6000","","tonnes"
"Iceland","2000","6000","","tonnes"
"Iceland","1999","6000","","tonnes"
"Iceland","1998","6000","","tonnes"
"Iceland","1997","6000","","tonnes"
"Iceland","1996","6000","","tonnes"
"Iceland","1995","5000","","tonnes"
"Iraq","2015","20622","","tonnes"
"Iraq","2010","15546","","tonnes"
"Ireland","2012","69111","","tonnes"
"Ireland","2010","266742","","tonnes"
"Ireland","2008","192782","","tonnes"
"Ireland","2006","190951","","tonnes"
"Ireland","2004","122734","","tonnes"
"Israel","2008","318000","","tonnes"
"Israel","2007","305300","","tonnes"
"Israel","2006","316600","","tonnes"
"Israel","2005","322000","","tonnes"
"Israel","2004","297000","","tonnes"
"Israel","2003","241000","","tonnes"
"Israel","2002","248000","","tonnes"
"Israel","2001","285800","","tonnes"
"Israel","2000","238895.765625","","tonnes"
"Israel","1999","307399.25","","tonnes"
"Italy","2014","3574305","","tonnes"
"Italy","2012","3258267","","tonnes"
"Italy","2010","3106766","","tonnes"
"Italy","2008","3277345","","tonnes"
"Italy","2006","2926159","","tonnes"
"Italy","2004","2885110","","tonnes"
"Italy","1995","2708000","","tonnes"
"Jamaica","2006","8435","","tonnes"
"Jamaica","2005","10000","","tonnes"
"Jamaica","2004","10000","","tonnes"
"Jamaica","2003","10000","","tonnes"
"Jamaica","2002","10000","","tonnes"
"Jamaica","2001","10000","","tonnes"
"Jamaica","2000","10000","","tonnes"
"Jamaica","1999","10000","","tonnes"
"Jamaica","1998","10000","","tonnes"
"Jamaica","1997","10000","","tonnes"
"Jamaica","1996","10000","","tonnes"
"Japan","1999","3305000","","tonnes"
"Japan","1998","2652000","","tonnes"
"Japan","1997","2996000","","tonnes"
"Japan","1996","3165000","","tonnes"
"Japan","1995","2881000","","tonnes"
"Japan","1994","2295000","","tonnes"
"Jordan","2011","1230440.625","13","tonnes"
"Jordan","2010","61962.1015625","13","tonnes"
"Jordan","2009","108403.3984375","13","tonnes"
"Jordan","2008","1293804.375","13","tonnes"
"Jordan","2006","16120.099609375","","tonnes"
"Jordan","2005","48623.80078125","","tonnes"
"Jordan","2004","33431.8984375","","tonnes"
"Jordan","2003","73616.703125","","tonnes"
"Kyrgyzstan","2012","184.100006103516","","tonnes"
"Kyrgyzstan","2011","33003.1015625","","tonnes"
"Kyrgyzstan","2010","172.899993896484","","tonnes"
"Kyrgyzstan","2009","19342756","","tonnes"
"Kyrgyzstan","2008","3006","","tonnes"
"Kyrgyzstan","2007","7909705","","tonnes"
"Kyrgyzstan","2006","1258","","tonnes"
"Kyrgyzstan","2005","1555","","tonnes"
"Kyrgyzstan","2004","307","","tonnes"
"Kyrgyzstan","2003","5327","","tonnes"
"Kyrgyzstan","2002","39","","tonnes"
"Kyrgyzstan","2001","35","","tonnes"
"Kyrgyzstan","2000","4011426","","tonnes"
"Kyrgyzstan","1999","275","","tonnes"
"Kyrgyzstan","1998","32","","tonnes"
"Kyrgyzstan","1997","1477107","","tonnes"
"Kyrgyzstan","1996","191","","tonnes"
"Kyrgyzstan","1995","339","","tonnes"
"Latvia","2014","43375","","tonnes"
"Latvia","2012","41749","","tonnes"
"Latvia","2010","54193","","tonnes"
"Latvia","2008","67877","","tonnes"
"Latvia","2006","52242","","tonnes"
"Latvia","2004","57791","","tonnes"
"Latvia","2001","82130","","tonnes"
"Latvia","2000","92730","","tonnes"
"Latvia","1999","96210","","tonnes"
"Latvia","1998","104960","","tonnes"
"Latvia","1997","180320","","tonnes"
"Latvia","1996","0","","tonnes"
"Latvia","1995","0","","tonnes"
"Latvia","1990","0","","tonnes"
"Lebanon","2001","108218","","tonnes"
"Lebanon","1998","3945","14","tonnes"
"Lithuania","2014","55457","","tonnes"
"Lithuania","2012","70246","","tonnes"
"Lithuania","2010","48853","","tonnes"
"Lithuania","2008","19927","","tonnes"
"Lithuania","2006","28101","","tonnes"
"Lithuania","2004","38081","","tonnes"
"Lithuania","2001","109900","","tonnes"
"Lithuania","2000","111500","","tonnes"
"Lithuania","1999","0","","tonnes"
"Lithuania","1998","0","","tonnes"
"Lithuania","1997","0","","tonnes"
"Lithuania","1996","0","","tonnes"
"Lithuania","1995","0","","tonnes"
"Lithuania","1990","0","","tonnes"
"Luxembourg","2014","37843","","tonnes"
"Luxembourg","2012","1992","","tonnes"
"Luxembourg","2010","3272","","tonnes"
"Luxembourg","2008","46734","","tonnes"
"Luxembourg","2006","130189","","tonnes"
"Luxembourg","2004","34375","","tonnes"
"Luxembourg","2000","82910","","tonnes"
"Luxembourg","1999","85140","","tonnes"
"Luxembourg","1998","40130","","tonnes"
"Luxembourg","1997","42980","","tonnes"
"Madagascar","2007","45957","","tonnes"
"Malaysia","2015","592461.75","","tonnes"
"Malaysia","2014","806295.375","","tonnes"
"Malaysia","2013","783410.375","","tonnes"
"Malaysia","2012","817562.375","","tonnes"
"Malaysia","2011","1091710.5","","tonnes"
"Malaysia","2010","1040159.1875","","tonnes"
"Malaysia","2009","1705308","","tonnes"
"Malaysia","2008","1304898.75","","tonnes"
"Malaysia","2007","1138839.5","","tonnes"
"Malaysia","2006","1103457","","tonnes"
"Malaysia","2005","548916.125","","tonnes"
"Malaysia","2004","469584.0625","","tonnes"
"Malaysia","2003","460865.75","","tonnes"
"Malaysia","2002","460866.59375","","tonnes"
"Malaysia","2001","420198","","tonnes"
"Malaysia","2000","344550.34375","","tonnes"
"Malaysia","1999","540152.5","","tonnes"
"Malta","2014","439","","tonnes"
"Malta","2012","501","","tonnes"
"Malta","2010","437","","tonnes"
"Malta","2008","327","","tonnes"
"Malta","2006","0","","tonnes"
"Malta","2004","0","","tonnes"
"Martinique","2013","8795","15","tonnes"
"Martinique","2010","8525","","tonnes"
"Martinique","2008","3756","12","tonnes"
"Mauritius","2012","1198.2099609375","","tonnes"
"Mauritius","2011","1260.40002441406","","tonnes"
"Mauritius","2010","1223.66003417969","","tonnes"
"Mauritius","2009","1514.67004394531","","tonnes"
"Mauritius","2008","1216.16003417969","","tonnes"
"Mauritius","2007","1993.40002441406","","tonnes"
"Mauritius","2006","22","","tonnes"
"Mauritius","2005","107","","tonnes"
"Mauritius","2004","48","","tonnes"
"Mauritius","2003","71","","tonnes"
"Mexico","2000","3886000","16","tonnes"
"Mexico","1999","3415000","17","tonnes"
"Mexico","1996","2300000","18","tonnes"
"Monaco","2015","284.540008544922","","tonnes"
"Monaco","2014","268.5","","tonnes"
"Monaco","2013","261.739990234375","","tonnes"
"Monaco","2012","0","","tonnes"
"Monaco","2011","0","","tonnes"
"Monaco","2010","0","","tonnes"
"Monaco","2009","0","","tonnes"
"Monaco","2008","0","","tonnes"
"Monaco","2007","0","","tonnes"
"Monaco","2006","0","","tonnes"
"Monaco","2005","0","","tonnes"
"Monaco","2004","0","","tonnes"
"Monaco","2003","0","","tonnes"
"Monaco","2002","0","","tonnes"
"Monaco","2001","0","","tonnes"
"Monaco","2000","0","","tonnes"
"Monaco","1999","0","","tonnes"
"Monaco","1998","0","","tonnes"
"Monaco","1997","0","","tonnes"
"Monaco","1996","0","","tonnes"
"Monaco","1995","0","","tonnes"
"Monaco","1990","0","","tonnes"
"Netherlands","2014","4471926","","tonnes"
"Netherlands","2012","4456188","","tonnes"
"Netherlands","2010","3798514","","tonnes"
"Netherlands","2008","4032092","","tonnes"
"Netherlands","2006","4595694","","tonnes"
"Netherlands","2004","1810306","","tonnes"
"Niger","2005","554000","","tonnes"
"Niger","2004","503000","","tonnes"
"Norway","2014","1566241","","tonnes"
"Norway","2012","1013027","","tonnes"
"Norway","2010","1560099","","tonnes"
"Norway","2008","1337680","","tonnes"
"Norway","2006","1256645","","tonnes"
"Norway","2004","1010921","","tonnes"
"Norway","1999","637000","","tonnes"
"Norway","1998","724100","","tonnes"
"Norway","1997","586700","","tonnes"
"Norway","1996","612800","","tonnes"
"Norway","1995","621700","","tonnes"
"Panama","2011","3094.69995117188","","tonnes"
"Panama","2010","3037.10009765625","","tonnes"
"Panama","2009","2338.30004882813","","tonnes"
"Panama","2008","1682.91003417969","","tonnes"
"Panama","2007","1181.86999511719","","tonnes"
"Panama","2006","1775.17004394531","","tonnes"
"Panama","2005","1547.10998535156","","tonnes"
"Panama","2004","1509.92004394531","","tonnes"
"Panama","2003","1689.53002929688","","tonnes"
"Panama","2002","1363.67004394531","","tonnes"
"Panama","2001","763.570007324219","","tonnes"
"Panama","2000","281.410003662109","","tonnes"
"Panama","1999","290.5","","tonnes"
"Panama","1995","217.933242797852","","tonnes"
"Panama","1990","173.172698974609","","tonnes"
"Philippines","2015","1229633.5","","tonnes"
"Philippines","2014","913597.8125","","tonnes"
"Philippines","2013","6616669.5","","tonnes"
"Philippines","2012","1894845","","tonnes"
"Philippines","2011","6223840","","tonnes"
"Philippines","2010","548094","","tonnes"
"Philippines","2009","2807165","","tonnes"
"Philippines","2007","1080643","","tonnes"
"Philippines","2006","11809898","","tonnes"
"Philippines","2005","10665520","","tonnes"
"Philippines","2004","786099","","tonnes"
"Philippines","2003","2308258","","tonnes"
"Philippines","2002","328382","","tonnes"
"Philippines","2001","24722.19921875","","tonnes"
"Philippines","2000","308157","","tonnes"
"Poland","2014","1876577","","tonnes"
"Poland","2012","1434985","","tonnes"
"Poland","2010","1577966","","tonnes"
"Poland","2008","1624573","","tonnes"
"Poland","2006","2277779","","tonnes"
"Poland","2004","1575748","","tonnes"
"Poland","2001","1308000","","tonnes"
"Poland","2000","1601000","","tonnes"
"Poland","1999","1134000","","tonnes"
"Poland","1998","0","","tonnes"
"Poland","1997","0","","tonnes"
"Poland","1996","0","","tonnes"
"Poland","1995","0","","tonnes"
"Poland","1990","0","","tonnes"
"Portugal","2014","414768","","tonnes"
"Portugal","2012","193394","","tonnes"
"Portugal","2010","310104","","tonnes"
"Portugal","2008","289216","","tonnes"
"Portugal","2006","3363875","","tonnes"
"Portugal","2004","1898715","","tonnes"
"Republic of Korea","2001","2872000","","tonnes"
"Republic of Korea","2000","2796000","","tonnes"
"Republic of Korea","1999","2749000","","tonnes"
"Republic of Korea","1998","1361000","","tonnes"
"Republic of Korea","1997","2218000","","tonnes"
"Republic of Korea","1996","1910000","","tonnes"
"Republic of Korea","1995","1624000","","tonnes"
"Republic of Moldova","2012","734","","tonnes"
"Republic of Moldova","2011","1006","","tonnes"
"Republic of Moldova","2010","806","","tonnes"
"Republic of Moldova","2009","1376","","tonnes"
"Republic of Moldova","2008","1243","","tonnes"
"Republic of Moldova","2007","2326","","tonnes"
"Republic of Moldova","2006","1317","","tonnes"
"Republic of Moldova","2005","571","","tonnes"
"Republic of Moldova","2004","2068","","tonnes"
"Republic of Moldova","2003","3561","","tonnes"
"Republic of Moldova","2002","3001","","tonnes"
"Republic of Moldova","2001","1339","","tonnes"
"Republic of Moldova","2000","1959","","tonnes"
"Republic of Moldova","1999","1583","","tonnes"
"Republic of Moldova","1998","1821","","tonnes"
"Republic of Moldova","1997","1497","","tonnes"
"Republic of Moldova","1996","1493","","tonnes"
"Republic of Moldova","1995","1513","","tonnes"
"Republic of Moldova","1990","70969","","tonnes"
"Réunion","2013","6636","11","tonnes"
"Réunion","2000","9786","","tonnes"
"Réunion","1997","7760","","tonnes"
"Romania","2012","521195","","tonnes"
"Romania","2010","264045","","tonnes"
"Romania","2008","259924","","tonnes"
"Romania","2006","867602","","tonnes"
"Romania","2004","1697100","","tonnes"
"Romania","2000","896700","","tonnes"
"Romania","1999","2174000","","tonnes"
"Romania","1998","2299000","","tonnes"
"Romania","1997","2757000","","tonnes"
"Romania","1996","3203000","","tonnes"
"Romania","1995","5710000","","tonnes"
"Saint Lucia","2015","2371","","tonnes"
"Saint Lucia","2014","2342","","tonnes"
"Saint Lucia","2013","1354","","tonnes"
"Saint Lucia","2012","63","","tonnes"
"Saint Lucia","2011","70","","tonnes"
"Saint Lucia","2010","146","","tonnes"
"Saint Lucia","2009","175","","tonnes"
"Saint Lucia","2008","64","","tonnes"
"Saint Lucia","2007","90","","tonnes"
"Saint Lucia","2006","115","","tonnes"
"Saint Lucia","2005","48","","tonnes"
"Saint Lucia","2004","173","","tonnes"
"Saint Vincent and the Grenadines","2002","0.150000005960464","","tonnes"
"Senegal","1999","81957","","tonnes"
"Serbia","2015","16558589","","tonnes"
"Serbia","2014","13493549","","tonnes"
"Serbia","2013","16560253","","tonnes"
"Serbia","2012","14429107","","tonnes"
"Serbia","2011","12801404","","tonnes"
"Serbia","2010","11181849","","tonnes"
"Serbia","2009","10070112","","tonnes"
"Serbia","2008","8392001","","tonnes"
"Slovakia","2014","202711","","tonnes"
"Slovakia","2012","199393","","tonnes"
"Slovakia","2010","223808","","tonnes"
"Slovakia","2008","355772","","tonnes"
"Slovakia","2006","367801","","tonnes"
"Slovakia","2004","439390","","tonnes"
"Slovenia","2014","91696","","tonnes"
"Slovenia","2012","75111","","tonnes"
"Slovenia","2010","100898","","tonnes"
"Slovenia","2008","116326","","tonnes"
"Slovenia","2006","87308","","tonnes"
"Slovenia","2004","99042","","tonnes"
"Slovenia","1998","57200","","tonnes"
"Slovenia","1995","199000","","tonnes"
"Spain","2014","2303488","","tonnes"
"Spain","2012","2420583","","tonnes"
"Spain","2010","2743636","","tonnes"
"Spain","2008","3362069","","tonnes"
"Spain","2006","3722628","","tonnes"
"Spain","2004","3667222","","tonnes"
"State of Palestine","2014","4572","19","tonnes"
"State of Palestine","2012","4512","19","tonnes"
"State of Palestine","2010","4080","19","tonnes"
"State of Palestine","2009","14422.7998046875","19","tonnes"
"State of Palestine","2008","11886","19","tonnes"
"State of Palestine","2007","8466","19,20","tonnes"
"State of Palestine","2006","5113.2001953125","19","tonnes"
"State of Palestine","2005","5674.7998046875","19","tonnes"
"State of Palestine","2004","4570.7998046875","19","tonnes"
"State of Palestine","2003","6151.2001953125","19","tonnes"
"State of Palestine","2000","5016","21","tonnes"
"Sweden","2014","1092814","","tonnes"
"Sweden","2012","1123393","","tonnes"
"Sweden","2010","769746","","tonnes"
"Sweden","2008","996222","","tonnes"
"Sweden","2006","653046","","tonnes"
"Sweden","2004","1167606","","tonnes"
"Sweden","1998","801000","","tonnes"
"Switzerland","1998","940000","","tonnes"
"Switzerland","1997","847000","","tonnes"
"Switzerland","1996","764000","","tonnes"
"Switzerland","1995","738000","","tonnes"
"Syrian Arab Republic","2003","46","","tonnes"
"The former Yugoslav Republic of Macedonia","2014","71.995002746582","22","tonnes"
"The former Yugoslav Republic of Macedonia","2012","686015.9375","","tonnes"
"The former Yugoslav Republic of Macedonia","2010","729896.6875","","tonnes"
"The former Yugoslav Republic of Macedonia","2008","6201.60009765625","","tonnes"
"Tunisia","2002","150200","","tonnes"
"Tunisia","2001","151000","","tonnes"
"Turkey","2014","6487595","","tonnes"
"Turkey","2012","3571001","","tonnes"
"Turkey","2010","3193647","","tonnes"
"Turkey","2008","1163682","","tonnes"
"Turkey","2006","64704","","tonnes"
"Turkey","2004","1230874","","tonnes"
"Ukraine","2009","1175756.25","","tonnes"
"Ukraine","2008","2022268.375","","tonnes"
"Ukraine","2007","2062766.125","","tonnes"
"Ukraine","2006","1968905.5","","tonnes"
"Ukraine","2005","1885094.875","","tonnes"
"Ukraine","2004","1956226.875","","tonnes"
"Ukraine","2003","2124031.5","","tonnes"
"Ukraine","2002","2436570.75","","tonnes"
"Ukraine","2001","2944206.75","","tonnes"
"Ukraine","2000","2150033.25","","tonnes"
"Ukraine","1999","2038508.5","","tonnes"
"Ukraine","1998","2365007.5","","tonnes"
"Ukraine","1997","3242960.75","","tonnes"
"Ukraine","1996","3050890.75","","tonnes"
"Ukraine","1995","3396433.25","","tonnes"
"United Arab Emirates","2015","309029.40625","","tonnes"
"United Arab Emirates","2014","358893.46875","","tonnes"
"United Arab Emirates","2013","304699.25","","tonnes"
"United Arab Emirates","2012","341423.15625","","tonnes"
"United Arab Emirates","2011","343974.28125","","tonnes"
"United Arab Emirates","2010","324553","","tonnes"
"United Arab Emirates","2009","284332","","tonnes"
"United Kingdom of Great Britain and Northern Ireland","2014","2762524","","tonnes"
"United Kingdom of Great Britain and Northern Ireland","2012","2672513","","tonnes"
"United Kingdom of Great Britain and Northern Ireland","2010","1894735","","tonnes"
"United Kingdom of Great Britain and Northern Ireland","2008","3313993","","tonnes"
"United Kingdom of Great Britain and Northern Ireland","2006","3425653","","tonnes"
"United Kingdom of Great Britain and Northern Ireland","2004","4734457","","tonnes"
"United States of America","2001","41211000","23,24","tonnes"
"United States of America","1999","23868000","24","tonnes"
"United States of America","1997","34222000","25,24","tonnes"
"United States of America","1995","188944000","24","tonnes"
"United States of America","1991","267114000","24","tonnes"
"Zambia","2005","80000","","tonnes"
"Zambia","2000","49800","","tonnes"
"Zimbabwe","2012","37346","26","tonnes"
"Zimbabwe","2011","47023","26","tonnes"
"Zimbabwe","2010","45536","26","tonnes"
"Zimbabwe","2009","40975","26","tonnes"
"Zimbabwe","2008","20268","26","tonnes"
"Zimbabwe","2007","25099","26","tonnes"
"Zimbabwe","2006","24368","26","tonnes"
"Zimbabwe","2005","23184","26","tonnes"
"Zimbabwe","2004","21924","26","tonnes"
"Zimbabwe","2003","19303","26","tonnes"
"Zimbabwe","2002","20532","26","tonnes"
"Zimbabwe","2001","22212.19921875","26","tonnes"
"Zimbabwe","2000","21640.30078125","26","tonnes"

"fnSeqID","Footnote"
"1","Basel Convention: Y1-Y45."
"2","Includes wastes from new mining operations."
"3","It does not include mining industry waste due to the lack of agreed classes of danger. The approach within all years and relevant deadlines is a single approach. Currently a normative document is being developed on putting waste (located at tailing dumps) into the category of technical careers, from which the company will be exempt from the relevant environmental payments."
"4","Data refer to Dhaka city only. Data are from Dhaka City Corporation."
"5","Includes previously stored waste."
"6","Waste from hospitals only."
"7","Data refer to hazardous waste for the two cities: Ouagadougou and Bobo Dioulasso."
"8","Statistical coverage has broadened from industrial and daily living sources to the following five parts: industrial, agricultural, urban living, motor vehicles and centralized pollution treatment facilities."
"9","This information is updated and calculated based on the information provided by the Regional and/or local Environmental Authorities of the country, from Chapter III of the Register of Hazardous Waste Generators, as of October 31, 2013 (closing date for the generation information for the National Report on Generation and Management of Hazardous Waste in Colombia - Year 2012). The percentages of transmission to the closing date are: Year 2007: reports filled out by generators 1,715, reports transmitted by the Environmental Authorities 1,573, transmission of 91.7%; Year 2008: reports filled out by 5,325 generators, reports transmitted by the Environmental Authorities 4,949, transmission of 92.9%; Year 2009: reports filled out by 7,526 generators, reports transmitted by the Environmental Authorities 6,973,  transmission92.7%;  Year 2010: reports filled out by ge …."
"10","It should be clarified that only those establishments categorized as major generators of hazardous waste (generating more than 1,000 kilograms per month) submitted reports for the 2007 accounting period."
"11","The waste can be treated in a different French department than the one that produced the waste."
"12","Partial total."
"13","The clear difference between the data of years 2010 and 2011 is because in 2010, Phosphogypsum was classified as a liquid chemical substance and this classification was modified to be more realistic since this substance is disposed of in its solid state, and the same goes for the 2008 data where the Phosphogypsum was at 1200000 tons and was classified as solid whereas in 2009 Phosphogypsum reached only 0.3 tons while liquid Phosphogypsum reached 2322630 m3."
"14","Only data related to pharmaceutical wastes are available for the year 1998."
"15","The waste can be treated in a different French department than the one that produced the waste."
"16","Data are based on survey, which covered 27280 enterprises."
"17","Data are based on survey, which covered 12514 enterprises."
"18","Data are based on survey, which covered 3000 enterprises."
"19","Data refer to health care centers waste taken from the Environmental Survey for Health Care Centers."
"20","Not including data from the private sector healthcare centers."
"21","Data refer to waste from health care private centres taken from the Medical Environmental Survey."
"22","A new method of data collection was used, and also the response rate was lower, so these are the reasons why data are much lower than in previous years. The data are collected in tonnes."
"23","Reporting requirements have been changed in 2001; includes some waste water."
"24","Quantity managed by storage only is excluded."
"25","From 1997, data exclude waste water (407.653 million t. in 1997)"
"26","Data refer to city of Harare."
